year,documents,word_count,y_count,y_freq_10k,i_count,i_freq_10k,ab_count,ab_freq_10k,amb_count,amb_freq_10k,lo_count,lo_freq_10k,los_count,los_freq_10k,el_count,el_freq_10k,els_count,els_freq_10k,a_acute_count,a_acute_freq_10k,a_grave_count,a_grave_freq_10k,cedilla_count,cedilla_freq_10k,ny_count,ny_freq_10k,ss_count,ss_freq_10k,qu_diaeresis_count,qu_diaeresis_freq_10k,plural_as_count,plural_as_freq_10k,plural_es_count,plural_es_freq_10k,h_count,h_freq_10k,final_ch_count,final_ch_freq_10k,final_c_count,final_c_freq_10k
1832,2,42058,2392,568.7384088639498,2,0.47553378667554325,328,77.9875410147891,0,0.0,891,211.85030196395454,552,131.24732512244995,0,0.0,0,0.0,2109,501.4503780493604,0,0.0,0,0.0,321,76.3231727614247,402,95.58229112178421,0,0.0,1327,315.51666745922296,1275,303.15278900565886,2438,579.6756859574873,267,63.48376052118503,4,0.9510675733510865
1833,15,80555,3248,403.20278070883245,6,0.7448327229842964,588,72.99360685246106,0,0.0,1411,175.1598286884737,421,52.2624293960648,815,101.17311153870027,206,25.572590155794177,6389,793.1227111911116,169,20.97945503072435,14,1.7379430202966917,354,43.94513065607349,928,115.20079448823785,0,0.0,2985,370.55427968468746,1778,220.71876357767985,3209,398.3613680094345,455,56.48314815964248,237,29.420892557879707
1834,14,80522,3490,433.42192195921615,6,0.7451379747149848,668,82.9586945182683,0,0.0,1570,194.977770050421,922,114.50286878120265,82,10.183552321104791,5,0.6209483122624873,2611,324.2592086634709,50,6.2094831226248735,7,0.8693276371674822,554,68.8010729986836,897,111.39812721989021,32,3.974069198479919,4357,541.0943593055314,2128,264.27560169891456,2904,360.6467797620526,527,65.44795211246615,230,28.563622364074412
1835,12,70444,3655,518.8518539549145,1,0.14195673158821193,1323,187.80875589120436,0,0.0,1102,156.43631821020955,503,71.4042359888706,147,20.867639543467153,8,1.1356538527056954,3327,472.29004599398104,339,48.123332008403835,5,0.7097836579410596,422,59.90574073022543,969,137.55607290897734,1,0.14195673158821193,3118,442.62108909204477,1496,212.367270455965,3526,500.5394355800352,1209,171.6256884901482,128,18.170461643291127
1836,3,16563,643,388.2146954054217,0,0.0,170,102.63841091589688,0,0.0,272,164.221457465435,122,73.65815371611423,372,224.5969932983155,110,66.41308941616857,1791,1081.32584676689,2,1.2075107166576105,1,0.6037553583288052,55,33.20654470808429,237,143.09001992392683,0,0.0,554,334.4804685141581,341,205.88057719012255,568,342.9330435307613,15,9.056330374932077,92,55.54549296625007
1837,9,42342,2023,477.7762032969628,2,0.4723442444853809,598,141.2309291011289,0,0.0,1136,268.2915308676964,436,102.97104529781305,7,1.6532048556988335,0,0.0,1680,396.76916536772,144,34.00878560294743,8,1.8893769779415237,240,56.68130933824571,572,135.09045392281897,0,0.0,2099,495.7252845874073,1072,253.17651504416418,1750,413.3012139247083,411,97.06674224174579,84,19.838458268386
1838,4,20604,823,399.4370025237818,0,0.0,195,94.64181712288875,0,0.0,508,246.55406717142301,242,117.4529217627645,33,16.016307513104252,1,0.48534265191225007,449,217.91885070860027,149,72.31605513492526,1,0.48534265191225007,247,119.87963502232576,232,112.59949524364201,1,0.48534265191225007,897,435.3523587652883,505,245.09803921568627,771,374.19918462434475,58,28.149873810910503,89,43.195496020190255
1839,9,48043,1357,282.4553004600046,3,0.6244406052910934,535,111.35857461024499,0,0.0,1114,231.875611431426,449,93.45794392523364,184,38.29902379118706,5,1.0407343421518223,870,181.0877755344171,652,135.71175821659762,0,0.0,466,96.99644068854984,500,104.07343421518223,0,0.0,1684,350.5193264367337,1375,286.20194409175116,1417,294.94411256582646,152,31.6383240014154,276,57.44853568678059
1840,6,5502,271,492.54816430388945,0,0.0,64,116.32133769538349,0,0.0,103,187.2046528535078,33,59.978189749182114,139,252.63540530716105,35,63.613231552162844,471,856.0523446019629,5,9.087604507451836,1,1.817520901490367,10,18.175209014903672,51,92.69356597600873,0,0.0,115,209.01490367139223,102,185.38713195201746,189,343.5114503816794,10,18.175209014903672,15,27.262813522355508
1841,5,14203,586,412.5888896711962,1,0.7040766035344646,117,82.37696261353236,0,0.0,356,250.65127085826938,210,147.85608674223755,54,38.020136590861085,8,5.632612828275716,468,329.5078504541294,16,11.265225656551433,0,0.0,45,31.683447159050903,126,88.71365204534253,0,0.0,1044,735.0559740899811,488,343.5893825248187,454,319.6507780046469,55,38.72421319439555,9,6.336689431810181
1842,3,6245,219,350.6805444355485,0,0.0,48,76.86148919135309,0,0.0,61,97.6781425140112,22,35.22818254603683,18,28.823058446757408,0,0.0,221,353.88310648518814,1,1.601281024819856,0,0.0,9,14.411529223378704,5,8.00640512409928,0,0.0,161,257.8062449959968,193,309.0472377902322,303,485.18815052041634,78,124.89991993594876,29,46.43714971977582
1843,19,45960,2169,471.93211488250654,3,0.6527415143603132,384,83.5509138381201,1,0.2175805047867711,1294,281.54917319408185,553,120.32201914708442,60,13.054830287206267,0,0.0,1572,342.0365535248042,0,0.0,0,0.0,452,98.34638816362055,688,149.69538729329852,10,2.175805047867711,2419,526.3272410791993,1376,299.39077458659705,1769,384.8999129677981,249,54.177545691906005,73,15.88337684943429
1844,8,36210,1799,496.82408174537426,0,0.0,432,119.30405965202984,0,0.0,867,239.43661971830986,509,140.56890361778514,15,4.142502071251036,0,0.0,1351,373.1013532173433,2,0.5523336095001381,0,0.0,187,51.64319248826291,325,89.75421154377244,11,3.0378348522507594,1403,387.4620270643469,1143,315.6586578293289,1442,398.2325324495996,215,59.37586302126484,161,44.462855564761114
1845,12,41759,1827,437.5104767834479,0,0.0,444,106.32438516247996,0,0.0,821,196.60432481620728,350,83.814267583036,233,55.79635527670682,36,8.620896094255132,1975,472.9519385042745,315,75.4328408247324,0,0.0,168,40.230848439857276,274,65.61459805071961,3,0.7184080078545941,1804,432.0026820565626,1362,326.1572355659858,1841,440.86304748676935,511,122.36883067123256,104,24.90481093895927
1846,8,35632,1485,416.7602155365963,1,0.2806466097889537,57,15.996856757970363,13,3.6484059272563987,243,68.19712617871576,77,21.60978895374944,473,132.7458464301751,235,65.95195330040413,1951,547.5415356982487,31,8.700044903457567,0,0.0,14,3.929052537045352,176,49.39380332285587,5,1.4032330489447689,494,138.63942523574315,2080,583.7449483610238,1758,493.37674000898073,126,35.36147283340817,318,89.24562191288729
1847,3,52515,655,124.72626868513758,1060,201.84709130724553,165,31.419594401599543,67,12.758259544891937,597,113.68180519851471,386,73.50280872131772,449,85.49938112920118,3,0.5712653527563553,4857,924.8786061125393,28,5.331809959059317,31,5.903075311815671,96,18.28049128820337,544,103.58945063315244,0,0.0,1769,336.8561363419975,2577,490.7169380177092,2081,396.2677330286585,105,19.994287346472436,254,48.36713320003808
1848,1,18744,810,432.1382842509603,1,0.5335040546308152,168,89.62868117797696,0,0.0,630,336.10755441741355,248,132.30900554844217,0,0.0,0,0.0,851,454.0119504908238,1,0.5335040546308152,0,0.0,181,96.56423388817755,243,129.6414852752881,0,0.0,808,431.0712761416987,613,327.0379854886897,850,453.4784464361929,91,48.54886897140418,2,1.0670081092616304
1849,2,13226,368,278.2398306366248,1,0.7560864962951762,104,78.63299561469832,0,0.0,361,272.9472251625586,124,93.75472554060184,18,13.609556933313172,0,0.0,444,335.7024043550582,0,0.0,0,0.0,100,75.60864962951761,128,96.77907152578256,1,0.7560864962951762,480,362.92151822168455,518,391.6528050809012,564,426.4327839104794,99,74.85256313322245,4,3.024345985180705
1850,2,9625,366,380.2597402597403,33,34.285714285714285,66,68.57142857142857,0,0.0,135,140.25974025974025,17,17.662337662337663,5,5.194805194805195,0,0.0,171,177.66233766233768,36,37.4025974025974,0,0.0,26,27.012987012987015,166,172.46753246753246,0,0.0,439,456.1038961038961,186,193.24675324675323,276,286.75324675324674,40,41.55844155844156,37,38.44155844155844
1851,3,16617,589,354.45627971354634,2,1.203586688331227,216,129.98736233977252,1,0.6017933441656135,338,203.40615032797737,87,52.35602094240838,24,14.443040259974724,1,0.6017933441656135,526,316.54329903111267,4,2.407173376662454,0,0.0,79,47.541674189083466,180,108.32280194981043,3,1.8053800324968405,542,326.17199253776255,448,269.60341818619486,745,448.33604140338207,224,134.80170909309743,27,16.248420292471565
1852,4,60766,2335,384.26093539150185,9,1.4810913997959385,574,94.4607181647632,34,5.595234177006879,1173,193.03557910673734,565,92.97962676496725,50,8.22828555442188,7,1.1519599776190632,1777,292.4332686041536,46,7.57002271006813,1,0.16456571108843762,355,58.420827436395356,665,109.43619787381101,11,1.8102228219728138,4077,670.9344041075601,1905,313.49767962347363,2036,335.055787776059,518,85.24503834381069,218,35.8753250172794
1853,3,11822,671,567.585856877009,0,0.0,133,112.50211470140415,0,0.0,292,246.99712400609033,135,114.19387582473355,3,2.5376416849940786,0,0.0,481,406.8685501607173,1,0.845880561664693,0,0.0,22,18.609372356623243,103,87.12569785146337,0,0.0,555,469.46371172390457,331,279.98646591101334,397,335.81458298088313,56,47.36931145322281,0,0.0
1854,4,14556,623,428.00219840615557,1,0.687001923605386,119,81.75322890904094,0,0.0,437,300.2198406155537,94,64.57818081890629,130,89.31025006870019,24,16.488046166529266,456,313.272877164056,2,1.374003847210772,34,23.358065402583126,36,24.7320692497939,37,25.419071173399285,0,0.0,380,261.06073097004673,477,327.6999175597692,775,532.4264907941742,293,201.2915636163781,1,0.687001923605386
1855,6,36816,1508,409.6045197740113,0,0.0,365,99.14167753150804,0,0.0,824,223.81573229030855,274,74.42416340721425,235,63.83094306823121,98,26.618861364624077,1514,411.2342459800087,12,3.259452411994785,139,37.755323772272924,297,80.67144719687093,242,65.73229030856149,0,0.0,961,261.0278139939157,1416,384.61538461538464,1562,424.2720556279878,394,107.0186875271621,72,19.55671447196871
1856,1,10872,289,265.82045621780725,0,0.0,138,126.93156732891833,0,0.0,227,208.79323031640914,79,72.66372332597498,1,0.919793966151582,0,0.0,326,299.85283296541576,5,4.59896983075791,0,0.0,96,88.30022075055187,112,103.01692420897719,0,0.0,543,499.44812362030905,224,206.03384841795437,458,421.2656364974246,161,148.0868285504047,1,0.919793966151582
1857,9,80691,2718,336.84053983715654,18,2.230732051901699,714,88.48570472543406,0,0.0,1417,175.60818430803928,1287,159.49734171097148,822,101.87009703684426,36,4.461464103803398,2859,354.3146075770532,40,4.957182337559331,1,0.12392955843898328,488,60.47762451822384,1250,154.9119480487291,4,0.4957182337559331,4895,606.6351885588232,2219,274.9996901761039,2431,301.2727565651684,391,48.45645734964246,188,23.298756986528858
1858,5,39840,1463,367.218875502008,18,4.518072289156627,365,91.61646586345381,1,0.25100401606425704,627,157.37951807228916,346,86.84738955823293,95,23.84538152610442,28,7.028112449799197,1376,345.3815261044177,26,6.526104417670683,46,11.546184738955823,301,75.55220883534136,421,105.67269076305222,10,2.51004016064257,2127,533.8855421686748,1477,370.7329317269076,1648,413.6546184738956,242,60.742971887550205,264,66.26506024096385
1859,5,57430,2041,355.3891694236462,6,1.0447501305937663,494,86.0177607522201,0,0.0,1348,234.72052934006615,727,126.58889082361135,270,47.013755876719486,71,12.362876545359569,2350,409.1938011492251,3,0.5223750652968832,1,0.17412502176562772,430,74.87375935921992,756,131.63851645481455,37,6.442625805328226,2593,451.5061814382727,1927,335.5389169423646,2570,447.5013059376633,270,47.013755876719486,260,45.27250565906321
1860,3,6321,223,352.7922797025787,0,0.0,61,96.50371776617624,0,0.0,104,164.53092865052997,68,107.57791488688498,4,6.328112640404999,0,0.0,288,455.62411010916,0,0.0,0,0.0,66,104.41385856668249,57,90.17560512577124,0,0.0,245,387.5968992248062,145,229.39408321468122,272,430.31165954753993,51,80.68343616516376,5,7.910140800506249
1861,5,21858,589,269.46655686705094,3,1.372495196266813,65,29.737395919114284,0,0.0,349,159.66694116570594,172,78.68972458596396,285,130.38704364534723,51,23.33241833653582,838,383.38365815719646,124,56.72980144569494,0,0.0,152,69.53975661085185,162,74.1147405984079,5,2.287491993778022,537,245.67664013175954,839,383.84115655595207,901,412.2060572787995,58,26.534907127825054,195,89.21218775734286
1862,5,22767,890,390.9166776474722,2,0.8784644441516231,195,85.65028330478324,0,0.0,516,226.64382659111874,144,63.249439978916854,87,38.213203320595596,54,23.71853999209382,919,403.6544120876708,4,1.7569288883032461,5,2.1961611103790575,284,124.74195106953046,245,107.6118944085738,1,0.43923222207581153,597,262.22163657925944,550,241.5777221416963,1161,509.9486098300171,225,98.82724996705758,63,27.671629990776125
1864,2,34213,1078,315.0849092450238,26,7.599450501271447,311,90.90111945751616,0,0.0,594,173.61821529827844,246,71.90249320433753,8,2.338292461929676,1,0.2922865577412095,1110,324.4380790927425,1,0.2922865577412095,35,10.230029520942331,386,112.82261128810686,447,130.65209131032063,0,0.0,1249,365.06591061877066,1077,314.79262268728263,1518,443.690994651156,325,94.99313126589307,49,14.322041329319264
1865,7,60033,1986,330.81805007246015,7,1.1660253527226692,612,101.94393083803908,245,40.810887345293416,750,124.93128779171455,387,64.46454450052471,149,24.81968250795396,12,1.9989006046674327,2110,351.4733563206903,11,1.8323255542784802,16,2.6652008062232437,573,95.44750387286992,708,117.93513567537853,3,0.4997251511668582,1985,330.65147502207117,1599,266.35350557193544,2855,475.57176886046005,570,94.94777872170306,300,49.97251511668582
1866,12,121762,4324,355.1190026445032,12,0.9855291470245232,1139,93.543141538411,0,0.0,2283,187.49692022141554,922,75.72148946305087,222,18.232289219953678,81,6.652321742415532,4478,367.76662669798463,3,0.2463822867561308,67,5.502537737553588,1136,93.29675925165486,1455,119.49540907672345,6,0.4927645735122616,4068,334.0943808413134,3991,327.7705688145727,5659,464.7591202509814,1165,95.67845469029746,90,7.391468602683924
1867,10,78246,2435,311.1980165120262,16,2.0448329627073587,709,90.61166065996984,0,0.0,1319,168.57091736318787,420,53.67686527106817,141,18.0200904838586,28,3.5784576847378777,2885,368.7089435881706,4,0.5112082406768397,61,7.7959256703218065,601,76.80903816169517,936,119.6227283183805,15,1.917030902538149,2819,360.2740076170028,2440,311.83702681287224,3656,467.2443319786315,655,83.7103494108325,82,10.479768933875215
1868,9,101442,3752,369.8665247136294,30,2.9573549417401077,892,87.9320202677392,0,0.0,1741,171.62516511898426,985,97.09982058713355,103,10.15358529997437,2,0.19715699611600718,3998,394.11683523589835,2,0.19715699611600718,178,17.54697265432464,1094,107.84487687545592,1288,126.96910549870863,31,3.0559334397981113,4210,415.0154768241951,2407,237.27844482561466,4525,446.0677037124662,1148,113.16811577058812,42,4.14029691843615
1869,3,40984,1452,354.28459886785083,3,0.7319929728674605,331,80.76322467304314,0,0.0,752,183.4862385321101,264,64.41538161233652,3,0.7319929728674605,0,0.0,1519,370.63244192855745,6,1.463985945734921,31,7.563927386297092,350,85.3991801678704,491,119.80284989264104,7,1.7079836033574076,1408,343.5487019324614,952,232.28577005660748,2094,510.9310950614874,345,84.17919187975795,2,0.4879953152449737
1870,2,11278,538,477.03493527221144,1,0.8866820358219543,49,43.44741975527575,40,35.46728143287817,79,70.04788082993439,41,36.35396346870012,23,20.39368682390495,113,100.19507004788083,419,371.5197730093988,0,0.0,48,42.5607377194538,93,82.46142933144175,171,151.62262812555417,0,0.0,317,281.0782053555595,560,496.5419400602944,544,482.3550274871431,143,126.79553112253946,3,2.6600461074658623
1871,9,175531,6633,377.88196956662927,28,1.5951598293178983,1527,86.99318069172968,23,1.310309859796845,4206,239.61579436111,1881,107.16055853382024,71,4.0448695671989565,22,1.2533398658926342,7276,414.5136756470367,16,0.9115199024673705,58,3.3042596464442178,1645,93.71563997242653,2356,134.22130563832027,25,1.4242498476052663,6997,398.6190473477619,4947,281.8305598441301,8712,496.3225868934832,1634,93.0889700394802,86,4.899419475762117
1872,7,194643,6889,353.9300154642088,3,0.1541283272452644,1914,98.3338727824787,0,0.0,3043,156.33749993577987,830,42.64217053785649,437,22.451359668726848,441,22.65686410505387,7192,369.4969765159806,16,0.8220177453080769,396,20.344939196374902,1800,92.47699634715865,2422,124.43293619601015,19,0.9761460725533413,5329,273.78328529667135,8874,455.9115919914921,11505,591.082134985589,2489,127.8751355044877,25,1.28440272704387
1873,4,9688,472,487.20066061106525,0,0.0,99,102.18827415359208,0,0.0,118,121.80016515276631,91,93.9306358381503,13,13.4186622625929,8,8.257638315441783,417,430.429397192403,0,0.0,72,74.31874483897604,102,105.28488852188273,153,157.9273327828241,4,4.1288191577208915,113,116.6391412056152,616,635.8381502890173,456,470.68538398018165,92,94.9628406275805,1,1.0322047894302229
1874,9,192899,7671,397.66924660055264,13,0.6739278067797138,2201,114.10116174785769,1,0.05184060052151644,3819,197.9792533916713,1998,103.57751984198984,49,2.540189425554306,18,0.9331308093872959,8365,433.64662336248506,15,0.7776090078227466,43,2.229145822425207,2304,119.44074360157387,2875,149.04172649935975,21,1.0886526109518453,9267,480.4068450328929,4559,236.34129777759347,8741,453.13868915857523,1515,78.53850979009741,417,21.617530417472356
1875,7,87083,3315,380.67131357440604,4,0.4593319017489062,757,86.9285624059805,0,0.0,1508,173.16812695933763,398,45.70352422401617,413,47.42601885557456,47,5.397149845549649,4427,508.36558226060197,16,1.8373276069956248,48,5.511982820986875,632,72.57444047632718,939,107.82816393555574,2,0.2296659508744531,2673,306.94854334370655,2212,254.01054166714513,4972,570.9495538738904,959,110.12482344430026,16,1.8373276069956248
1876,7,91126,3535,387.92441235212783,16,1.7558106358229266,916,100.52015890086254,1,0.10973816473893291,1700,186.55488005618594,610,66.94028049074907,11,1.207119812128262,1,0.10973816473893291,3840,421.39455259750235,2,0.21947632947786583,76,8.3401005201589,908,99.64225358295107,1172,128.61312907402936,3,0.3292144942167987,3839,421.2848144327634,2089,229.24302613963087,4618,506.77084476439217,909,99.75199174769001,16,1.7558106358229266
1877,12,225276,8639,383.48514710843585,21,0.9321898471208651,1891,83.9414762335979,1,0.04438999272004119,4199,186.39357943145296,2312,102.62966316873523,575,25.524245814023686,70,3.1072994904028834,8456,375.36177844066833,2,0.08877998544008238,115,5.104849162804737,1926,85.49512597879934,3394,150.65963529181982,21,0.9321898471208651,7672,340.56002414815606,6344,281.61011381594136,11584,514.2136756689572,2206,97.92432394041089,357,15.847227401054706
1878,10,142036,4470,314.7089470275141,23,1.6193077811259118,1551,109.19766819679518,0,0.0,1986,139.82370666591567,816,57.45022388690191,176,12.39122475992002,68,4.787518657241826,6205,436.86107747331664,9,0.6336421752231829,98,6.899659241319101,1507,106.09986200681517,2233,157.21366414148525,14,0.9856656059027288,4757,334.9150919485201,4565,321.39739221042555,7019,494.1704919879467,1456,102.5092230138838,177,12.461629446055928
1879,11,165013,5471,331.549635483265,91,5.514717022295213,1309,79.32708332070807,0,0.0,3209,194.46952664335538,1640,99.38610897323241,121,7.332755601073855,5,0.30300642979644027,5639,341.73065152442535,6,0.3636077157557283,25,1.5150321489822014,1764,106.90066843218413,2690,163.0174592304849,31,1.8786398647379299,7553,457.72151285050273,3924,237.79944610424633,7437,450.6917636792253,1432,86.7810414937005,107,6.484337597643822
1880,8,152447,5282,346.4810721103072,6,0.3935794079253773,1673,109.7430582431927,1,0.06559656798756289,2819,184.91672515693978,1182,77.53514336129933,129,8.461957270395613,26,1.7055107676766352,6096,399.8766784521834,2,0.13119313597512577,28,1.836703903651761,1288,84.488379567981,2166,142.08216626106122,41,2.6894592874900787,6478,424.93456742343244,3131,205.38285436905943,7206,472.6888689183782,1299,85.2099418158442,115,7.543605318569732
1881,7,83457,2918,349.641132559282,13,1.5576883904286039,904,108.31925422672754,0,0.0,1464,175.41967719903664,659,78.96281917634231,22,2.6360880453407143,0,0.0,3346,400.9250272595468,2,0.23964436775824674,90,10.783996549121104,845,101.24974537785926,1237,148.22004145847563,18,2.156799309824221,2894,346.765400146183,2656,318.2477203829517,3870,463.71185161220745,753,90.22610446097991,42,5.032531722923181
1882,13,182044,5910,324.64678868844896,46,2.5268616378457955,1639,90.0331787919404,0,0.0,2939,161.44448594845204,1192,65.47867548504757,30,1.6479532420733447,1,0.05493177473577816,6613,363.263826327701,43,2.362066313638461,214,11.755399793456528,1867,102.55762343169782,2226,122.27813056184219,43,2.362066313638461,8369,459.7240227637275,3473,190.77805365735756,9401,516.4136142910505,2044,112.28054755993055,512,28.12506866471842
1883,14,157924,5437,344.27952686102174,19,1.2031103568805248,1661,105.17717383045009,0,0.0,2860,181.09976950938426,1289,81.62153947468403,54,3.419366277449913,54,3.419366277449913,5671,359.0967807299714,14,0.8865023682277552,251,15.893721030369038,1334,84.47101137255895,2447,154.94794964666548,28,1.7730047364555104,5737,363.2760061801879,5081,321.73703806894457,7433,470.6694359312074,1479,93.65264304348928,44,2.7861503001443735
1884,13,148602,5417,364.5307600166889,9,0.6056446077441757,860,57.87270696222123,472,31.76269498391677,2114,142.25918897457638,924,62.17951306173537,532,35.800325702211275,453,30.48411192312351,6087,409.6176363709775,1086,73.08111600113054,47,3.1628107293306953,894,60.16069770258812,2235,150.4017442564703,26,1.7496399779276186,4219,283.91273334140857,6188,416.41431474677324,7640,514.1249781295003,1392,93.67303266443251,85,5.719976850917215
1885,7,197912,6420,324.3865960628967,19,0.9600226363232144,1929,97.4675613403937,7,0.35369255022434215,3290,166.23549860544082,1498,75.69020574800922,272,13.743481951574436,70,3.536925502243421,8367,422.76365253243864,9,0.45474756457415416,66,3.334815473543797,1749,88.37261004891062,3085,155.87735963458508,105,5.305388253365132,8162,412.4055135615829,4635,234.1949957556894,8955,452.47382675128335,1477,74.62912809733619,56,2.829540401794737
1886,9,235797,8285,351.36155252187257,14,0.5937310483169845,2240,94.99696773071753,0,0.0,4373,185.45613387786952,2573,109.11928480854293,20,0.8481872118814064,0,0.0,7399,313.78685903552633,3,0.12722808178221098,333,14.122317077825416,1983,84.09776205804145,3524,149.45058673350383,127,5.385988795446931,13278,563.1114899680657,6816,289.0622018091833,9551,405.05180303396565,1598,67.77015822932438,176,7.464047464556376
1887,12,171744,5341,310.9861188746041,15,0.873392956959195,1943,113.13350102478107,0,0.0,2497,145.39081423514068,1148,66.84367430594372,362,21.077883361281906,103,5.99729830445314,6222,362.2833985466741,42,2.445500279485746,243,14.148965902738961,1747,101.72116638718093,2575,149.9324576113285,21,1.222750139742873,4075,237.27175330724802,7247,421.96525060555246,8528,496.5530091298677,1754,102.12874976709521,32,1.8632383081796162
1888,11,137899,4525,328.13871021544753,8,0.5801347362925039,1253,90.86360307181343,0,0.0,2059,149.3121777532832,1141,82.74171676371837,133,9.644739990862877,23,1.6678873668409486,5027,364.5421649178022,178,12.907997882508212,57,4.13345999608409,1262,91.5162546501425,1888,136.9117977650309,33,2.3930557872065785,5348,387.82007121153885,5681,411.96817960971435,7458,540.8306079086868,1283,93.03910833291032,127,9.209638938643499
1889,12,192959,6863,355.67141206162967,15,0.7773672127239465,1857,96.23806093522458,1,0.051824480848263105,3371,174.70032493949492,1708,88.51621328883337,120,6.218937701791572,17,0.8810161744204726,7921,410.50171279909205,8,0.41459584678610484,28,1.451085463751367,2227,115.41311884908193,2983,154.59242637036883,47,2.435750599868366,7836,406.09663192698963,5988,310.3249913193995,9980,517.2083188656658,1628,84.37025482097232,153,7.9291455697842546
1890,12,128431,4115,320.40550957323387,20,1.5572564256293264,1391,108.30718440251965,2,0.15572564256293261,2516,195.90285834416923,1112,86.58345726499053,75,5.839711596109973,19,1.47939360434786,5414,421.5493144178586,11,0.8564910340961294,65,5.061083383295311,1072,83.46894441373189,2015,156.8935848821546,31,2.413747459725456,5040,392.4286192585902,2988,232.65410998902135,6977,543.2489040807905,1644,128.00647818673062,65,5.061083383295311
1891,9,174315,5662,324.81427301150217,33,1.8931245159624819,1661,95.2872673034449,0,0.0,2852,163.61185210681813,1224,70.21770931933568,73,4.187820898947308,2,0.11473481914924132,7789,446.83475317672026,19,1.0899807819177925,180,10.326133723431719,2078,119.20947709606172,2503,143.5906261652755,68,3.9009838510742045,6038,346.38441901155954,4455,255.57180965493504,9285,532.6563979003529,2114,121.27470384074806,69,3.958351260648825
1892,8,119457,4378,366.4917083134517,14,1.1719698301480868,1029,86.13978251588438,321,26.871593962681132,1564,130.92577245368625,751,62.867810174372366,228,19.08636580526884,26,2.1765153988464467,6397,535.5065002469507,9,0.7534091765237702,49,4.101894405518304,1285,107.57008798144939,2053,171.86100437814443,40,3.3484852289945333,4494,376.2023154775358,4456,373.021254509991,5912,494.9061168453921,1097,91.8322074051751,56,4.687879320592347
1893,12,179535,5951,331.4674018993511,59,3.2862673016403487,1932,107.61132926727379,0,0.0,3299,183.75247166290694,1628,90.67869774695743,80,4.45595566324115,28,1.5595844821344027,6605,367.8948394463475,79,4.400256217450636,204,11.362686941264935,1840,102.48698025454645,3009,167.5996323836578,53,2.9520706268972625,8432,469.65772690561727,4652,259.1138218174729,8681,483.5268889074554,1622,90.34450107221433,46,2.5621745063636614
1894,9,143830,4623,321.4211221581033,77,5.353542376416603,1080,75.08864631857054,0,0.0,2788,193.83994994090247,1423,98.9362441771536,105,7.300285058749913,44,3.0591670722380586,4749,330.1814642286032,106,7.36981158311896,910,63.26913717583258,1402,97.4761871654036,2244,156.017520684141,58,4.032538413404714,1436,99.8400889939512,8831,613.9887367030522,6394,444.5525968156852,1197,83.223249669749,131,9.10797469234513
1895,18,74947,2442,325.83025337905457,202,26.952379681641695,552,73.65204744686245,136,18.14615661734292,1045,139.43186518473055,500,66.71381109317251,151,20.147570950138096,78,10.40735453053491,3102,413.89248402204225,73,9.740216419603186,201,26.818952059455352,791,105.54124914939891,1272,169.71993542103087,30,4.002828665590351,2514,335.4370421764714,3114,415.49361548827835,3191,425.76754239662694,614,81.92456002241585,45,6.004242998385525
1896,9,125752,3840,305.3629365735734,349,27.75303772504612,869,69.10426871938418,21,1.6699535593867296,1981,157.5322857688148,763,60.6749793243845,400,31.808639226413895,153,12.166804504103313,4267,339.31865894777025,411,32.68337680514028,415,33.00146319740441,1358,107.99033017367516,1885,149.89821235447548,22,1.749475157452764,3812,303.1363318277244,4321,343.6128252433361,5483,436.01692219606844,999,79.44207646796869,191,15.188625230612635
1897,4,32596,625,191.7413179531231,156,47.858632961099524,266,81.60510492084919,11,3.374647195974966,337,103.38691864032397,91,27.91753589397472,107,32.82611363357467,25,7.669652718124923,952,292.0603755061971,156,47.858632961099524,55,16.87323597987483,300,92.03583261749908,339,104.00049085777395,2,0.6135722174499939,716,219.6588538470978,730,223.95385936924777,1967,603.448275862069,320,98.17155479199901,57,17.486808197324827
1898,14,253777,8677,341.9143578811319,62,2.4430897993119944,2414,95.12288347643798,51,2.0096383833050275,2237,88.14825614614406,1198,47.20679967057693,1775,69.94329667385145,692,27.268034534256454,9524,375.2901169136683,284,11.190927467816232,491,19.347695023583697,2165,85.31111960500755,3642,143.51182337248844,49,1.9308290349401245,5686,224.05497740141936,12102,476.87536695602836,12892,508.005059560165,1959,77.19375672342254,489,19.268885675218794
1899,12,60223,2302,382.2459857529515,8,1.3283961277252876,461,76.54882686016971,0,0.0,1066,177.00878401939457,414,68.74449960978365,235,39.021636251930325,82,13.6160603091842,1773,294.4057918071169,242,40.183982863689955,156,25.90372449064311,809,134.33405841621973,851,141.30813808677746,25,4.151237899141524,1270,210.88288527638943,3113,516.9121432011026,2773,460.45530777277787,553,91.82538232901051,39,6.475931122660778
1900,20,268475,8731,325.20718875128034,947,35.2733029146103,2023,75.35152248812739,182,6.779029704814229,2915,108.57621752490921,1385,51.58767110531707,2280,84.92410838998045,1218,45.36735263991061,8700,324.0525188565043,606,22.57193407207375,687,25.588974764875687,2620,97.58822981655648,3696,137.66644939007355,41,1.5271440543812271,7065,263.1529937610578,10321,384.4305801285036,11886,442.72278610671384,1955,72.81869820281217,599,22.311202160350124
1901,11,163372,4844,296.50123644198516,280,17.138799794334403,1311,80.24630903704428,46,2.8156599662120803,1127,68.98366917219597,350,21.423499742918004,2125,130.07124843914502,1089,66.65768920010773,4049,247.83928702592857,284,17.383639791396323,577,35.318169576181965,1259,77.06338907523933,2528,154.73887814313346,31,1.8975099772298802,6512,398.5995152168058,4521,276.7304066792351,8033,491.6999240996009,1272,77.85911906569058,296,18.118159782582083
1902,15,254001,7166,282.12487352411995,3095,121.84991397671662,1355,53.346246668320205,415,16.338518352289952,2482,97.71615072381606,999,39.330553816717256,2816,110.86570525312892,1885,74.2123062507628,4783,188.30634525060924,724,28.503824788091386,956,37.637647095877576,2291,90.19649528938862,4707,185.31423104633447,156,6.141708103511404,3446,135.6687572096173,15935,627.3597348041937,11511,453.18719217640876,1517,59.72417431427435,1203,47.362018259770636
1903,9,140975,3644,258.4855470828161,2794,198.19116864692322,198,14.045043447419756,767,54.40680971803511,659,46.74587692853343,224,15.88934208192942,2359,167.3346338003192,1477,104.77034935272212,1147,81.36194360702252,915,64.90512502216706,1113,78.9501684695868,1466,103.9900691611988,2210,156.76538393332152,70,4.9654194006029435,339,24.046816811491396,11318,802.8373825146302,4585,325.23497073949284,283,20.074481291009043,1079,76.53839333215109
1904,14,185040,4772,257.8901859057501,1697,91.70990056204064,1388,75.0108084738435,107,5.782533506268915,860,46.47643752702118,100,5.40423692174665,2391,129.21530479896236,1512,81.71206225680935,1726,93.27712926934717,1589,85.87332468655427,340,18.374405533938607,1440,77.82101167315176,3245,175.36748811067878,81,4.377431906614786,3655,197.52485948984003,11691,631.8093385214007,8267,446.76826632079553,1298,70.14699524427151,447,24.156939040207522
1905,10,205777,5462,265.43296869912575,1917,93.1590994134427,1325,64.3900921871735,106,5.151207374973879,1537,74.69250693712125,439,21.333773939750312,2241,108.90429931430627,1755,85.28649946301093,1639,79.64932912813384,3191,155.0707805051099,1164,56.56608853273203,1656,80.47546615996929,3232,157.063228640713,77,3.7419147912546107,1319,64.09851441123158,16135,784.101235803807,10215,496.4111635411149,1652,80.28108097600801,743,36.107047920807474
1906,18,253554,6505,256.5528447589074,1914,75.48687853474999,1959,77.26164840625665,180,7.099079486026644,1894,74.69809192519148,560,22.086025067638452,2612,103.01553120834221,1625,64.08891202662943,2305,90.90765675161899,3180,125.41707091980406,812,32.024736348075756,2841,112.04713788778722,3797,149.7511378246843,123,4.8510376487848745,1500,59.15899571688871,14781,582.9527437942213,11518,454.26220844474943,1740,68.6244350315909,955,37.664560606419144
1907,11,152385,4777,313.48229812645604,1171,76.84483380910194,564,37.01151688158283,459,30.121074908947733,524,34.38658660629327,106,6.956065229517341,2181,143.1243232601634,1188,77.9604291761,1584,103.94723890146668,1084,71.13561046034715,409,26.83991206483578,1492,97.90989926830069,2052,134.65892312235457,54,3.5436558716409094,950,62.34209403812711,12519,821.5375529087509,6277,411.9171834498146,932,61.16087541424681,859,56.37037766184336
1908,19,273227,7128,260.8819772570061,2655,97.17194859951616,1981,72.50381550871619,767,28.071896262082443,1284,46.993891526093684,412,15.079036844821339,4120,150.79036844821337,2712,99.25812602707639,2884,105.55325791374936,2606,95.3785680038942,1454,53.2158242047821,2482,90.84021710885088,3641,133.25915813590896,161,5.892536242757854,682,24.960929922738234,21572,789.5266573215679,10126,370.6075900258759,1072,39.23477547972931,1439,52.66683014489783
1909,13,125869,4139,328.8339464045952,655,52.03823022348632,977,77.62038309671166,194,15.412849867719615,1299,103.20253596993699,464,36.86372339495825,1273,101.13689629694365,598,47.50971247884706,1939,154.04905099746563,712,56.56674796812559,283,22.48369336373531,1128,89.6169827360192,2010,159.68983625833206,44,3.495697908142593,521,41.392241139597516,8615,684.4417608783735,5724,454.7585187774591,1019,80.95718564539324,209,16.604565063677313
1910,15,123071,4426,359.6298071844708,281,22.832348806786328,691,56.14645204800481,210,17.06332117233142,1126,91.49190304783417,213,17.307082903364723,1496,121.55584987527526,997,81.01014861340202,1359,110.4240641580876,1002,81.4164181651242,237,19.25717675163117,1225,99.53604017193328,1936,157.30757042682677,85,6.906582379277002,229,18.60714546887569,9576,778.0874454583127,5311,431.539517839296,606,49.239869668727806,380,30.876485930885423
1911,12,120783,3636,301.0357417848538,411,34.0279675119843,716,59.279865543992116,220,18.214483826366294,1142,94.54972968050139,173,14.32320773618804,1819,150.60066400072859,945,78.2394873450734,1192,98.68938509558464,710,58.783106894182126,319,26.411001548231127,998,82.62752208506164,1723,142.65252560376874,103,8.527690155071491,332,27.48731195615277,8341,690.5773163441875,4733,391.8597815917803,627,51.91127890514393,690,57.127244728148824
1912,17,140542,4114,292.7238832519816,983,69.94350443283858,1047,74.49730329723499,199,14.159468343982581,975,69.37427957478903,132,9.392210157817592,2100,149.42152523800715,1061,75.4934467988217,943,67.09738014259082,1639,116.61994279290177,427,30.382376798394787,1181,84.03181966956497,2085,148.35422862916423,78,5.549942365983123,339,24.120903359849724,9665,687.6947816311138,5710,406.2842424328671,721,51.30139033171579,574,40.84188356505529
1913,5,33707,7,2.076719969145875,1430,424.2442222683716,0,0.0,306,90.78233007980538,78,23.140593941911174,12,3.5600913756786423,644,191.05823716142046,323,95.8257928620168,30,8.900228439196606,508,150.7105349037292,202,59.928204823923814,284,84.2554958910612,503,149.22716349719644,7,2.076719969145875,145,43.01777078945027,2633,781.1433826801555,1192,353.63574331741177,1,0.29667428130655354,257,76.24529029578426
1914,15,196579,533,27.113781227903285,6955,353.80177943727455,202,10.275766994439893,1261,64.14723851479557,731,37.18606768779982,194,9.868805925353167,3645,185.42163710264066,2382,121.1726583205734,193,9.817935791717323,4188,213.04411966690236,1422,72.33733003016599,1523,77.47521352738593,3072,156.27305052930373,122,6.20615630357261,639,32.50601539330244,11027,560.9449636024194,6807,346.2729996591701,144,7.325299243561113,1612,82.00265542097578
1915,19,199120,911,45.751305745279225,5233,262.8063479308959,116,5.825632784250703,1634,82.06106870229009,737,37.012856568903175,309,15.5182804339092,3651,183.3567697870631,2258,113.39895540377663,332,16.67336279630374,2916,146.44435516271596,1175,59.00964242667738,2655,133.33668139815188,2609,131.0265166733628,147,7.382482924869426,405,20.33949377259944,13168,661.3097629570108,6140,308.35676978706306,202,10.144636400160707,1579,79.2989152269988
1916,17,208509,1956,93.80890033523734,5907,283.2971238651569,591,28.344100254665268,1661,79.66082998815399,633,30.358401795605943,82,3.9326839608841824,3986,191.16680814737015,2300,110.30698914675146,212,10.167426825700568,3502,167.95438086605375,866,41.532979391776855,2082,99.85180495805936,3490,167.37886614007067,79,3.7888052793884195,503,24.12365893078956,16221,777.9520308475893,6748,323.6311142444691,525,25.178769261758482,1420,68.10257590799438
1917,20,290238,1335,45.99673371508899,9309,320.7367746470138,297,10.232981208525416,2403,82.79412068716019,1026,35.35029872036053,272,9.371619153935736,5754,198.2510904843611,3027,104.29371756971865,242,8.337984688428117,4456,153.52917261006485,2165,74.59395392746642,3614,124.51849861148436,3900,134.37248051599033,116,3.9967199332961223,691,23.808047188858797,17842,614.736871119564,10004,344.68263976460696,419,14.436428034923063,2461,84.79248065380825
1918,22,297966,2032,68.19570018055751,6694,224.65650443339175,647,21.713886819301532,2255,75.67977554486082,485,16.27702489545787,112,3.7588181201882094,6426,215.66218964579852,2847,95.54781418014136,475,15.941416134726781,4970,166.7975540833518,2389,80.17693293865743,1813,60.84586832054664,4264,143.10357557573684,154,5.168374915258789,720,24.163830772638487,20389,684.2727022546196,8270,277.54844512461153,582,19.532429874549447,2364,79.33791103682971
1919,13,196778,269,13.670227362814948,7155,363.60772037524515,79,4.014676437406621,1497,76.0755775544014,303,15.398062791572228,128,6.504792202380347,4453,226.29562247812257,2493,126.69099187917348,129,6.555610891461444,3874,196.87160150016769,1398,71.04452733537285,1521,77.29522609234772,3172,161.196881765238,48,2.4392970758926302,477,24.240514691683014,14594,741.6479484495219,5640,286.6174064173841,95,4.827775462704164,1664,84.56229863094451
1920,12,141586,9,0.6356560676903084,5253,371.0112581752433,0,0.0,1157,81.71711892418742,346,24.437444380094078,67,4.732106281694518,2835,200.23166132244714,1229,86.80236746570988,27,1.9069682030709252,3140,221.77333917195202,842,59.46915655502663,1622,114.55934908818669,2081,146.9778085403924,56,3.95519331007303,425,30.017092085375673,9739,687.8504936928792,4825,340.7822807339709,38,2.683881174692413,1672,118.09077168646617
1921,12,153719,509,33.11236737163265,4086,265.8096917101985,294,19.125807479882123,1131,73.57581040730163,456,29.6645177238988,100,6.505376693837457,3097,201.47151620814603,1648,107.20860791444127,253,16.458603035408764,2208,143.63871739993104,1224,79.62581073257046,1489,96.86505897123972,2136,138.95484618036807,56,3.6430109485489757,464,30.1849478594058,10417,677.6650901970478,4640,301.849478594058,191,12.425269485229542,1444,93.93763945901287
1922,11,124151,11,0.8860178331225684,4621,372.20803698721716,4,0.3221883029536613,695,55.980217638198646,380,30.607888780597822,89,7.168689740718963,2571,207.08653172346578,1856,149.49537257049883,16,1.2887532118146452,1916,154.32819711480374,705,56.785688395582795,1007,81.11090526858423,1953,157.3084389171251,56,4.510636241351258,340,27.386005751061205,8913,717.9160860564956,4366,351.6685326739213,45,3.624618408228689,1142,91.98476049327029
1923,12,190879,3,0.15716762975497567,6383,334.4003269086699,1,0.05238920991832522,1742,91.26200367772253,366,19.17445083010703,150,7.858381487748783,4347,227.73589551495974,2409,126.20560669324547,109,5.710423881097449,3991,209.08533678403597,1019,53.384604906773404,1879,98.4393254365331,3016,158.00585711366887,101,5.291310201750847,495,25.932658909570986,13842,725.1714436894576,5294,277.34847730761373,23,1.2049518281214802,1832,95.9770325703718
1924,4,38857,1,0.25735388733046816,1337,344.0821473608359,22,5.661785521270298,291,74.88998121316622,32,8.235324394574981,25,6.433847183261704,725,186.5815683145894,499,128.4195897779036,0,0.0,475,122.24309648197236,139,35.77219033893507,216,55.588439663381116,500,128.67694366523406,28,7.2059088452531075,211,54.301670226728774,2556,657.7965360166766,1461,375.994029389814,1,0.25735388733046816,704,181.17713668064954
1925,9,97074,446,45.944331128829546,4058,418.0316047551352,117,12.052660856666048,827,85.1927395595113,228,23.487236541195376,98,10.095391144899768,2244,231.16385437913345,1252,128.97377258586235,256,26.371634011166737,2564,264.12839689309186,698,71.90390835857181,1030,106.10462121680368,1235,127.22253126480828,29,2.987411665327482,204,21.014895852648493,6417,661.0420916002225,3435,353.8537610482725,247,25.444506252961656,657,67.6803263489709
1926,5,35286,233,66.03185399308508,897,254.20846794762795,159,45.06036388369325,112,31.740633679079522,130,36.841806948931584,20,5.667970299835629,743,210.5650966388936,349,98.90608173213171,126,35.70821288896446,366,103.72385648699202,225,63.764665873150825,355,100.60647282208242,455,128.94632432126056,30,8.501955449753444,68,19.271099019441138,2188,620.0759508020178,1089,308.62098282605,167,47.327552003627495,234,66.31525250807685
1927,9,150511,1,0.06644032662064567,4457,296.12453574821774,1,0.06644032662064567,1240,82.38600500960062,113,7.5077569081329605,64,4.252180903721323,3850,255.79525748948583,2195,145.83651693231724,25,1.6610081655161417,2509,166.69877949119999,733,48.70075941293328,1584,105.24147736710273,2486,165.17065197892512,107,7.109114948409086,242,16.078559042196254,11406,757.8183654350845,4999,332.13519277660765,12,0.797283919447748,1274,84.64497611470257
1928,3,86916,0,0.0,3054,351.3737401629159,0,0.0,1004,115.51382944452115,71,8.16880666390538,17,1.955911454737908,2394,275.43835427309125,1229,141.40089281605228,3,0.34516084495374844,1898,218.37176124073818,725,83.41387086382254,811,93.30848175249666,1303,149.9148603249114,35,4.026876524460398,152,17.488149477656588,5743,660.7529108564592,2379,273.71255004832256,4,0.46021445993833127,552,63.50959547148972
1929,4,60363,1,0.16566439706442687,2067,342.42830873217036,0,0.0,578,95.75402150323873,54,8.945877441479052,24,3.975945529546245,1771,293.3916472011,891,147.60697778440436,0,0.0,1282,212.38175703659527,432,71.56701953183241,551,91.28108278249921,865,143.29970346072923,26,4.307274323675099,116,19.21707005947352,4597,761.5592333051704,1576,261.0870897735368,2,0.33132879412885374,781,129.3838941073174
1930,12,204187,502,24.58530660619922,5586,273.57275438691005,91,4.456699006303046,1428,69.93589209890933,173,8.472625583411284,118,5.779016293887466,4641,227.29164932145534,2383,116.70674430791382,70,3.4282300048484964,4355,213.28488101593146,1514,74.14771753343749,2193,107.4015485804679,3780,185.12442026181884,159,7.786979582441585,522,25.564800893298788,14013,686.2826722563141,5087,249.13437192377575,116,5.68106686517751,1742,85.3139524063726
1931,4,121120,96,7.926023778071334,4838,399.4385733157199,0,0.0,1478,122.02774108322325,181,14.943857331571994,126,10.402906208718624,3016,249.00924702774108,1564,129.12813738441216,57,4.706076618229854,2091,172.63870541611624,776,64.06869220607662,1259,103.94649933949802,1956,161.49273447820343,19,1.5686922060766182,601,49.62021136063409,8198,676.8494055482166,3059,252.55944517833552,13,1.07331571994716,1313,108.40488771466315
1932,6,206450,8,0.3875030273674013,8329,403.4390893678857,1,0.04843787842092516,1920,93.0007265681763,210,10.171954468394283,88,4.262533301041414,5194,251.5863405182853,2528,122.45095664809882,4,0.19375151368370064,3318,160.71688060062968,1307,63.308307096149186,2276,110.24461128602567,3450,167.11068055219184,75,3.6328408815693876,742,35.94090578832647,13668,662.0489222572052,7071,342.5042383143619,6,0.290627270525551,1867,90.43351901186728
1933,8,99924,1,0.10007605780393099,3339,334.1539570073256,0,0.0,827,82.76289980385093,114,11.408670589648134,57,5.704335294824067,2356,235.7791921860614,1556,155.7183459429166,13,1.300988751451103,1833,183.4394139546055,507,50.738561306593006,814,81.46191105239983,1649,165.0254193186822,43,4.3032704855690325,134,13.410191745726753,6317,632.1804571474321,3030,303.23045514591087,24,2.401825387294344,852,85.2648012489492
1934,7,79100,19,2.402022756005057,2846,359.7977243994943,1,0.12642225031605564,901,113.90644753476612,105,13.274336283185841,57,7.20606826801517,1771,223.8938053097345,899,113.653603034134,4,0.5056890012642226,1352,170.92288242730723,426,53.855878634639694,1103,139.44374209860936,1284,162.32616940581542,38,4.804045512010114,212,26.801517067003793,4527,572.3135271807838,2618,330.9734513274337,1,0.12642225031605564,804,101.64348925410873
1935,4,110987,24,2.1624154180219306,4490,404.55188445493616,388,34.95904925802121,376,33.87784154901024,1250,112.62580302197554,370,33.337237694504765,2037,183.53500860461133,1189,107.12966383450313,9,0.8109057817582239,1902,171.37142187823798,734,66.13387153450404,984,88.65903213889916,1950,175.69625271428183,147,13.244794435384325,196,17.659725913845765,7716,695.2165568940507,2153,193.9866831250507,4,0.36040256967032175,735,66.22397217692162
1936,3,20659,25,12.101263371896026,474,229.43995353114866,0,0.0,193,93.42175323103733,20,9.68101069751682,16,7.744808558013456,407,197.0085676944673,192,92.93770269616148,13,6.292656953385934,301,145.69921099762814,100,48.405053487584105,140,67.76707488261775,223,107.94326927731255,8,3.872404279006728,141,68.25112541749358,1490,721.2352969650032,944,456.943704922794,1,0.484050534875841,198,95.84200590541653
1937,11,88690,0,0.0,2652,299.0190551358665,0,0.0,810,91.32934941932574,53,5.975871011387981,66,7.441650693426542,1610,181.53117600631413,1350,152.2155823655429,0,0.0,1843,207.80245799977448,387,43.635133611455636,571,64.38155372646295,1514,170.70695681587551,59,6.652384710790393,244,27.511557109031457,7507,846.4313902356522,1895,213.66557672792874,2,0.22550456646747097,966,108.91870560378847
1938,1,3695,0,0.0,175,473.6129905277402,0,0.0,40,108.25439783491206,0,0.0,1,2.7063599458728014,118,319.3504736129905,45,121.78619756427605,0,0.0,53,143.43707713125846,34,92.01623815967524,34,92.01623815967524,47,127.19891745602166,0,0.0,2,5.412719891745603,419,1133.9648173207038,54,146.14343707713127,0,0.0,32,86.60351826792964
1939,1,39955,0,0.0,1650,412.9645851583031,0,0.0,359,89.85108246777625,43,10.76210737079214,8,2.0022525341008635,1155,289.0752096108122,439,109.87360780878488,0,0.0,879,219.9974971843324,154,38.54336128144162,255,63.82179952446503,947,237.01664372418972,11,2.753097234388687,44,11.012388937554748,2087,522.3376298335628,1243,311.09998748592164,0,0.0,163,40.7958953823051
1940,4,37971,10,2.6335887914461034,1530,402.93908509125384,2,0.5267177582892207,349,91.91224882146902,18,4.740459824602986,15,3.9503831871691557,838,220.6947407231835,587,154.59166205788628,25,6.583971978615259,622,163.80922282794765,269,70.84353848990018,515,135.62982275947434,648,170.65655368570754,21,5.530536462036818,83,21.858786969002658,2741,721.866687735377,981,258.35506044086276,5,1.3167943957230517,279,73.4771272813463
1941,2,29346,52,17.7196210727186,997,339.7396578750085,0,0.0,284,96.77639201254004,33,11.245144142302188,47,16.015811354187964,715,243.64478974988074,365,124.37810945273633,74,25.21638383425339,477,162.54344714782255,160,54.5219109929803,376,128.1264908335037,386,131.53411027056498,12,4.089143324473523,167,56.90724459892319,1993,679.1385538063109,1057,360.18537449737613,4,1.3630477748245076,297,101.20629728071968
1942,1,12914,30,23.23060244695679,433,335.29502865107634,0,0.0,86,66.59439368127613,17,13.164008053275515,11,8.517887563884157,281,217.59330958649528,160,123.89654638376956,8,6.1948273191884775,230,178.10128542666874,86,66.59439368127613,216,167.26033761808887,191,147.9015022456249,2,1.5487068297971194,42,32.52284342573951,787,609.4161375251665,370,286.5107635124671,16,12.389654638376955,148,114.60430540498683
1943,1,12862,0,0.0,392,304.7737521380812,2,1.5549681231534753,95,73.86098584979008,8,6.219872492613901,3,2.3324521847302133,269,209.14321256414243,186,144.6120354532732,10,7.774840615767377,244,189.706111024724,81,62.97620898771575,176,136.83719483750585,189,146.9444876380034,5,3.8874203078836884,47,36.54175089410667,875,680.2985538796455,383,297.7763955838905,5,3.8874203078836884,108,83.96827865028766
1944,1,14079,20,14.205554371759359,452,321.04552880176146,1,0.710277718587968,104,73.86888273314865,9,6.392499467291711,9,6.392499467291711,336,238.65331344555722,150,106.54165778819518,30,21.30833155763904,276,196.03665033027914,87,61.794161517153206,210,149.15832090347325,160,113.64443497407487,10,7.102777185879679,60,42.61666311527808,900,639.2499467291711,323,229.41970310391363,2,1.420555437175936,177,125.71915619007032
1945,2,38908,2,0.5140331037318804,1191,306.10671327233473,1,0.2570165518659402,238,61.169939344093756,14,3.5982317261231627,6,1.542099311195641,946,243.1376580651794,386,99.20838902025291,7,1.7991158630615813,633,162.6914773311401,200,51.403310373188035,280,71.96463452246324,648,166.54672560912923,36,9.252595867173847,76,19.533257941811453,2455,630.9756348308831,1093,280.9190911894726,3,0.7710496555978205,282,72.47866762619513
1946,7,64419,12,1.8628044521026403,2052,318.5395613095515,2,0.3104674086837734,533,82.73956441422563,37,5.743647060649809,22,3.415141495521508,1457,226.17550722612893,560,86.93087443145656,30,4.657011130256601,1382,214.53297940048742,316,49.053850572036204,773,119.99565345627842,1067,165.63436253279312,26,4.036076312889055,207,32.13337679877055,4378,679.61315760878,1722,267.3124388767289,14,2.173271860786414,756,117.35668048246636
1947,6,60698,9,1.4827506672378001,2065,340.2089030940064,0,0.0,504,83.03403736531682,23,3.789251705163267,15,2.4712511120630003,1405,231.47385416323436,608,100.16804507562028,6,0.9885004448252002,1175,193.5813371116017,477,78.5857853636034,566,93.24854196184388,894,147.2865662789548,21,3.4597515568882007,147,24.218260898217405,3691,608.0925236416356,1590,261.95261787867804,12,1.9770008896504003,571,94.07229233253155
1948,7,163791,11,0.6715875719667137,6203,378.7143371735932,0,0.0,1769,108.00349225537423,206,12.577003620467545,91,5.555860822633723,3726,227.48502664981592,2010,122.71736542300859,41,2.503190040966842,3225,196.89726541751378,1124,68.62403917187147,1575,96.15912962250673,2652,161.9136582596113,46,2.80845711913353,516,31.503562466802205,11147,680.5624240648143,4492,274.25194302495254,23,1.404228559566765,1561,95.30438180364
