feature,period,documents,word_count,global_freq,mean_document_freq,median_document_freq,std_document_freq,q25,q75
y,1830,31,203135,449.454796071578,426.1861379433622,389.01601830663617,181.1058414218324,296.1507531135213,528.6434760118971
y,1835,37,197996,429.3521081233964,445.09826478455875,440.251572327044,185.57603477605753,289.179104477612,539.5005497094393
y,1840,41,108120,466.51868294487605,474.4688452946613,444.37340153452686,186.69012507265873,363.6363636363636,541.1334552102377
y,1845,26,161876,317.8358743729769,447.92892038574803,443.73161034143425,209.69842130458366,291.7318872987478,584.3665887032492
y,1850,16,113386,404.2827156791844,472.83367482693853,427.3120677498752,200.6759248582261,344.92743854933997,522.5095915757395
y,1855,26,225649,355.3749407265266,358.1586968281444,351.7512291331113,90.17910893523246,302.6299955205104,375.72455165294406
y,1860,15,85159,326.44817341678504,357.28610021350414,318.4973458554512,108.92036230070175,282.8182091733654,424.67389461691306
y,1865,41,402467,346.58742207435637,342.0478255463923,334.49263502454994,79.15299455141366,289.5792264292026,394.0084662976229
y,1870,31,584039,380.1629685688798,405.99771946613464,382.63614116140246,138.50895209056182,313.7893656029334,478.8798019028176
y,1875,47,710534,357.89983308328664,362.21354114918535,353.33596525858667,107.22634876944362,302.3729875374704,403.89036577678735
y,1880,55,724474,344.58103396395177,342.2845971455797,327.77115613825987,81.87382032962361,291.42927257284526,376.98885826282685
y,1885,51,936311,335.72178474887085,351.9906073872623,343.0079155672823,76.77724781007696,295.48398305508033,399.2177992282009
y,1890,50,745568,331.68000772565347,341.68105649666745,345.1206197328291,81.29713598155975,278.79320357486745,397.57367168166206
y,1895,57,547295,326.80729770964473,334.3084623594094,338.9830508474576,120.06319109784953,262.30135937200845,401.33779264214047
y,1900,69,1011863,288.15165689426334,296.3119719381672,340.3197925669836,174.304324251804,234.9869451697128,421.4223002633889
y,1905,71,1010812,277.1138451067063,296.75001959459513,337.83093120719616,158.06418727932547,283.85765963500387,396.6334939917251
y,1910,64,614682,206.8711951871049,214.82786552504587,279.17263395563737,187.63866910044558,1.0332119598344616,361.9896452777325
y,1915,91,1192611,54.52741925070286,50.95314921875436,0.0,132.21637448016654,0.0,2.017828510136037
y,1920,51,649192,8.210205917509766,8.327075268730267,0.0,53.18100619713891,0.0,0.0
y,1925,30,430150,15.831686620946181,35.79321364906028,0.0,109.14696231045221,0.0,0.18727994606337547
y,1930,37,710781,8.807213473629712,23.031300650797878,0.0,86.94322979657647,0.0,1.1037527593818983
y,1935,20,263986,1.856159038736903,5.878663295149011,0.0,22.533411461367255,0.0,0.0
y,1940,9,107172,10.450490799835778,8.780421561225092,3.558212354113293,11.4057815507951,0.0,14.20555437175936
y,1945,22,327816,1.037167191351246,1.6861531712564182,1.240000853987559,2.198937964871471,0.0,2.4289736230542216
i,1830,31,203135,0.6891968395402072,1.5676104110448064,0.0,6.1379887508904165,0.0,0.0
i,1835,37,197996,0.3030364249782824,0.5451754351194932,0.0,2.463189200617583,0.0,0.0
i,1840,41,108120,0.3699593044765076,0.6360638154116415,0.0,2.3641518886001514,0.0,0.0
i,1845,26,161876,65.66754799970347,16.197055364271048,0.0,80.68496047642844,0.0,0.0
i,1850,16,113386,3.968743936641208,4.468127184368272,0.0,14.724346325079727,0.0,1.901539398099509
i,1855,26,225649,1.861297856405302,1.9589132745268516,0.0,5.031099707780561,0.0,1.8096740562829123
i,1860,15,85159,3.6402494157986824,1.8308899208139104,0.0,3.8004567072737463,0.0,1.3795621428905802
i,1865,41,402467,1.689579518320757,2.1384539122348034,0.0,6.028151164851055,0.0,2.002803925495694
i,1870,31,584039,0.7704964908165379,0.4720691356001377,0.0,1.2077249011354132,0.0,0.31472311535805475
i,1875,47,710534,2.181457889418381,3.107484896813868,0.0927402900916274,8.231654346355887,0.0,2.6596739876315256
i,1880,55,724474,1.2836899598881395,1.3520635709323037,0.0,2.50033392142813,0.0,2.36377047069542
i,1885,51,936311,0.7582950536734056,1.1322710827087656,0.3401283417609578,1.9292262134768203,0.0,1.5613953828526852
i,1890,50,745568,2.722756341473883,4.16623075408677,0.8801409709002208,7.8412084248193485,0.0,4.826048983469017
i,1895,57,547295,14.197096629788323,22.60325173779059,0.0,85.59859972856121,0.0,3.022517757291824
i,1900,69,1011863,87.09677100556102,78.4785870689977,0.7461572899567229,153.5024246445946,0.0,7.708402158352604
i,1905,71,1010812,82.23091930052274,74.71341864666576,1.1330802787377483,161.03341366159748,0.0,8.017885045891536
i,1910,64,614682,163.66186092971648,128.66670298843314,8.407508802846207,174.7343479119056,0.24671864206059407,252.82359241715082
i,1915,91,1192611,287.58748661550163,293.96523046612697,313.6396790663749,134.25255345597785,251.59822219560598,375.7315950870787
i,1920,51,649192,333.9535915414854,337.91437083656865,336.5917565252444,105.28607368291186,268.6338667646105,393.6672923216324
i,1925,30,430150,337.8588864349646,305.92611662281814,320.7039774965856,154.12187478216327,255.4720827753873,357.70942119257643
i,1930,37,710781,350.8534977721689,321.8882808794076,325.75500508992195,100.69324693974772,284.90759753593426,371.3230444532384
i,1935,20,263986,357.6326017288796,325.3369414773607,306.43037827408443,102.72251187737045,230.46807017594227,402.0628916116011
i,1940,9,107172,354.9434553801366,362.82740132548076,348.70481070310274,56.038216761797166,331.5025500196155,368.135184067592
i,1945,22,327816,351.1421041071821,327.0577764229244,323.62072895705217,43.648281231271596,296.2120498685193,353.7815332874812
ab,1830,31,203135,77.9776995594063,74.00874631917421,78.3675883483661,45.406417991123995,50.37400963019738,96.68922648618812
ab,1835,37,197996,142.47762581062244,124.22637571519897,121.77853299348628,75.37143722672813,70.10028234835946,165.21340064249657
ab,1840,41,108120,96.65186829448761,89.36726176921879,89.48545861297539,44.95349341681307,52.08333333333333,111.61345012715456
ab,1845,26,161876,57.945587980923676,79.16080609333154,81.58540824775298,61.37523234775862,35.29676230480169,119.89216258154049
ab,1850,16,113386,97.71929515107686,102.10453802291218,101.05879759756374,73.63281149542706,64.92531419769277,121.42546837963002
ab,1855,26,225649,92.00129404517637,94.84373952610552,97.74365091748211,70.00121648552727,56.52958176731299,125.86814622925095
ab,1860,15,85159,74.21411712208926,78.89437651694759,96.33547412164717,45.192561605343094,59.57363789973513,109.20571299683448
ab,1865,41,402467,91.51060832316686,88.23573195239419,90.70918086860914,29.172744588929458,75.046904315197,100.24879262403044
ab,1870,31,584039,99.13721515172789,92.39630761401796,93.64923594560491,29.130650067126382,78.96789196358705,111.87220011705341
ab,1875,47,710534,90.41087407499148,87.13571555664775,90.13785790031814,34.6279953057217,70.88609220787977,104.03519209871044
ab,1880,55,724474,92.9916049437247,86.69687633840763,87.38394320043692,37.33597504983657,69.62772683812352,106.9410580271248
ab,1885,51,936311,98.49291528135417,93.87097953428365,93.91124871001033,34.38665813360076,75.66056183189497,113.42076621994119
ab,1890,50,745568,95.1355208378042,86.85310448686643,82.50307467335557,29.15376203990848,66.25694727392985,107.71281822035563
ab,1895,57,547295,83.35541161530801,67.0524509046826,72.54042617500377,43.9193222787589,44.37869822485207,95.46795387503352
ab,1900,69,1011863,62.01432407351588,58.27717590103064,69.89748369058714,43.55010312065146,0.2588192665061987,95.34961525593845
ab,1905,71,1010812,67.33200634737221,73.40088792107603,80.31395454960298,49.88635673401133,39.06642357048352,110.87145487315763
ab,1910,64,614682,43.20933425738837,47.05507804165737,43.68696082842371,47.96867778400295,0.0,82.83802127107151
ab,1915,91,1192611,14.50598728336398,11.728853378592094,0.0,31.736378197327916,0.0,0.0
ab,1920,51,649192,4.944608066642843,4.786546592630794,0.0,19.43444633849828,0.0,0.0
ab,1925,30,430150,6.4396140881088,11.92024870040921,0.0,31.07743375559285,0.0,0.0
ab,1930,37,710781,1.3084198930472257,3.5464059446291225,0.0,15.921633045190575,0.0,0.0
ab,1935,20,263986,14.697749123059557,3.3380685621802106,0.0,14.737078757074032,0.0,0.0
ab,1940,9,107172,0.4665397678498115,0.41343954047832754,0.0,0.6617327338755649,0.0,0.710277718587968
ab,1945,22,327816,0.0915147521780511,0.13084073821549505,0.0,0.5326346190098519,0.0,0.0
amb,1830,31,203135,0.0,0.0,0.0,0.0,0.0,0.0
amb,1835,37,197996,0.0,0.0,0.0,0.0,0.0,0.0
amb,1840,41,108120,0.0924898261191269,0.08627606615648753,0.0,0.5524363703169652,0.0,0.0
amb,1845,26,161876,4.942054412019076,1.9776147976236422,0.0,6.989051755628688,0.0,0.0
amb,1850,16,113386,3.0868008396098285,3.6729473993975326,0.0,14.467854203684668,0.0,0.0
amb,1855,26,225649,0.04431661562869767,0.07484245662879639,0.0,0.38162314679545445,0.0,0.0
amb,1860,15,85159,0.0,0.0,0.0,0.0,0.0,0.0
amb,1865,41,402467,6.087455617479197,4.5167118337850045,0.0,28.921067016408532,0.0,0.0
amb,1870,31,584039,1.0958172313835206,2.5555805072510402,0.0,10.45549968320753,0.0,0.0
amb,1875,47,710534,0.028147843734430723,0.047488526240764384,0.0,0.2444453611046193,0.0,0.0
amb,1880,55,724474,6.528874742226774,1.5741827374518187,0.0,11.614279754655238,0.0,0.0
amb,1885,51,936311,0.08544169618855274,0.13836003628924815,0.0,0.9614712305520856,0.0,0.0
amb,1890,50,745568,4.332267479290956,2.4036023903667783,0.0,16.535963301680226,0.0,0.0
amb,1895,57,547295,4.001498277894006,17.137289496693878,0.0,36.001823080760225,0.0,20.483932915119706
amb,1900,69,1011863,14.992148146537625,14.604020729681196,0.0,28.509373193213005,0.0,16.58272939442329
amb,1905,71,1010812,16.87752025104569,12.73144490284849,0.0,29.796230545982606,0.0,3.3659069700464226
amb,1910,64,614682,35.725789920641894,33.988522430153694,2.343944461389061,42.15418274498196,0.0,63.1249970224058
amb,1915,91,1192611,79.2379074149073,75.23614749616281,73.26695472477925,38.47816575041926,55.38674702666727,102.95793963971323
amb,1920,51,649192,77.26527745258721,77.20119162603058,74.31874483897604,37.37537558352857,53.62279295982961,100.87365376199473
amb,1925,30,430150,87.43461583168661,78.83932912974615,82.84550820052353,42.60581506653499,62.15382550255087,105.38803757014387
amb,1930,37,710781,92.20842988205932,83.36475991020102,81.0916179337232,35.38520315110636,66.73511293634498,102.94117647058825
amb,1935,20,263986,67.35205654845333,82.29114685426842,74.96731513766557,60.30116676265256,58.663346579473995,90.17400944372773
amb,1940,9,107172,85.65670137722539,90.44875418040108,73.86888273314865,32.149060381477305,66.59439368127613,109.93064777925336
amb,1945,22,327816,92.85696854332919,84.13077941147027,84.33625638752986,14.893153347559162,74.57063064710508,91.07701224330454
lo,1830,31,203135,190.61215447854875,187.33120827635923,197.46121297602255,83.143076102919,114.81581812070773,234.551957219062
lo,1835,37,197996,208.69108466837716,228.4078426324658,216.62245800176836,122.93190863567567,150.37593984962405,268.9486552567237
lo,1840,41,108120,247.96522382537918,259.6635371155079,265.282583621684,128.12123941135627,178.9709172259508,318.4143222506394
lo,1845,26,161876,163.82910375843238,177.7313924638048,174.2189881380885,110.53455771265918,70.25342787887558,271.221398905177
lo,1850,16,113386,209.46148554495264,208.5527846822635,235.6261923764392,115.53234597875392,181.47173688538265,277.37368117025426
lo,1855,26,225649,196.89872323830372,200.66964406583625,191.57772392439568,103.53938018117083,147.3898480002132,257.3554637663442
lo,1860,15,85159,183.5390269965594,172.44310944154404,178.1400966183575,106.53078369979868,85.10572812525206,210.75137093892357
lo,1865,41,402467,170.07605592508204,173.82735630306877,173.8369184592296,66.11854085429158,132.20815752461323,221.0526315789473
lo,1870,31,584039,192.88095486774,175.8113162194142,163.7271214642263,78.21404946836243,120.99197357921787,231.29521917711554
lo,1875,47,710534,177.359563370648,169.92595277734614,188.1161255313376,68.60152425234917,129.56210389844387,219.27594785632238
lo,1880,55,724474,168.34282527737366,181.6581813109717,176.99115044247787,66.05950911711979,138.75273286223313,220.1595844939622
lo,1885,51,936311,166.50450544744217,155.7555759780171,165.41909250531373,58.47676965596083,126.91117025765865,188.0216259241478
lo,1890,50,745568,174.61854586033735,173.9291841857677,178.56693334775358,73.37064189533633,136.66675401854528,207.8554909160269
lo,1895,57,547295,121.79902977370523,111.4486992682318,102.71041369472182,64.75008453428578,53.82775119617225,169.6248034149629
lo,1900,69,1011863,79.48704518299415,78.92235290551247,50.30181086519114,65.73438043732176,33.49178910976664,110.1526211015262
lo,1905,71,1010812,64.6806725681927,78.33178327925687,52.76940168227265,67.40496113599723,31.1468974860142,113.10224691503234
lo,1910,64,614682,65.92026446194943,65.84428518534466,46.92539294615419,62.00733803365045,25.81663206772339,73.76762832323483
lo,1915,91,1192611,26.69772457238781,26.95718768779398,19.213174748398902,34.26495022602131,6.703882296962249,35.28775733157467
lo,1920,51,649192,24.337946247027077,25.277005698016573,13.005202080832332,30.01831734386192,7.045822348496759,33.03165547269644
lo,1925,30,430150,13.855631756364058,16.950118952300407,9.68368945468061,19.624350475035314,5.111378296945212,17.7813027832856
lo,1930,37,710781,11.016051357591156,11.661843393588509,9.106776959854292,9.283329070623033,5.518763796909492,17.46323529411765
lo,1935,20,263986,51.745168304379774,17.333871315746777,6.19926383209156,45.87845497500682,0.609706527924559,11.20637676633862
lo,1940,9,107172,7.931176053446796,7.639384423304159,6.392499467291711,4.032313434530334,6.035003017501509,6.789788158609451
lo,1945,22,327816,8.541376869951437,5.256215610160418,4.492884323254584,4.0259559398765985,3.373078961179905,5.514696303360413
los,1830,31,203135,93.2877150663352,94.59386680013446,70.53941908713693,73.62746573326473,49.4441685353239,128.19941524334672
los,1835,37,197996,88.48663609365846,86.93463186236733,80.72048032021347,45.305893504343395,60.95027012051531,110.1422670949977
los,1840,41,108120,122.73399926008139,93.17987074342906,92.65387160820649,56.92954740946601,59.171597633136095,125.6281407035176
los,1845,26,161876,73.20418097803257,90.9230389776021,67.1559725950095,90.44800280405398,32.034330577249676,133.50384221540773
los,1850,16,113386,79.19849011341788,71.61504839049,62.05354184317957,47.78071605669348,39.949190900697324,114.15198268849986
los,1855,26,225649,120.23097820065676,102.44272764633186,82.98448919956175,71.51935939226634,66.6051127475325,154.09877141422243
los,1860,15,85159,73.97926232107,75.14373702967237,69.36237990032369,56.95141044746712,27.81537845353801,97.98826777087649
los,1865,41,402467,73.9936441994002,85.5858609011761,71.40538786108407,63.55678593247991,40.05886200130804,102.29132569558102
los,1870,31,584039,82.88830026761912,81.6168679096394,68.59489688919959,51.39319765672551,48.361020973020715,94.15996845289942
los,1875,47,710534,81.29097270503594,75.65116336779991,84.44216990788127,44.980692059134,34.25960213462019,109.06208120832225
los,1880,55,724474,72.41115623196967,81.90286571921304,80.11768105282512,40.511136491040645,55.89810599851283,106.6803417063184
los,1885,51,936311,86.16795060615544,84.20139030465396,81.42636529552155,41.787229094584376,56.33676684319141,113.55734500928028
los,1890,50,745568,82.32649469934333,86.26179894801102,76.34692224274298,54.953218101247685,49.125823144898256,122.09939467498036
los,1895,57,547295,54.19380772709416,44.36015645980768,36.231884057971016,39.99970250930738,6.885471654808355,74.7247732587987
los,1900,69,1011863,30.22148255247993,29.53787135969723,9.710913572869202,41.43380666275611,2.898550724637681,39.814200398142006
los,1905,71,1010812,19.598105285651535,26.94914723256508,5.534034311012728,40.00181582430201,0.8057163995529466,55.87406783360812
los,1910,64,614682,11.778448043053157,16.002244325930523,4.340196034480302,28.887616611402915,1.587826034750473,11.816336438493817
los,1915,91,1192611,7.5716222640911415,8.015592764847996,4.087471898630697,17.330329726281462,1.052614737997926,7.700053353458914
los,1920,51,649192,6.639022045866247,6.83470608787613,3.785727806170736,13.616655553903167,0.8652376613260022,8.074209437091104
los,1925,30,430150,5.184238056491922,6.833117722350246,4.302217201169418,8.553417153982611,2.5069972399552385,8.31608674336628
los,1930,37,710781,6.274787874183469,6.320201309515506,4.57331016189518,6.097816735732282,2.339181286549708,8.39568363088624
los,1935,20,263986,17.463047282810454,8.791546060970735,2.3602293183543264,16.02597620118856,0.932719810968785,7.838455930004416
los,1940,9,107172,7.931176053446796,7.213297450285751,6.392499467291711,6.857026007467141,3.017501508750754,7.116424708226587
los,1945,22,327816,4.087658930619615,2.5986098138943445,2.2141841649793044,2.0280064040612023,1.2559527394001408,3.7275895357583737
el,1830,31,203135,44.15782607625471,37.624173290126386,1.8542555164101613,80.97145533714523,0.0,35.165612340054054
el,1835,37,197996,37.5260106264773,37.98990994888698,0.0,94.04304781909799,0.0,21.55172413793104
el,1840,41,108120,26.452090270070293,42.55828919886637,0.0,92.67717709767321,0.0,15.174506828528074
el,1845,26,161876,72.4628728162297,51.81677520387781,2.997601918465228,83.9363767908939,0.0,65.52405520071741
el,1850,16,113386,18.697193657065245,22.81962710285911,4.101874494452867,51.110777624208986,0.0,12.353986020098008
el,1855,26,225649,63.062544039636784,49.80250224069232,0.37678975131876413,93.84897328539371,0.0,12.68697281444117
el,1860,15,85159,45.0921217956998,51.68542421869194,1.4218683349921797,85.24694581324613,0.0,93.62772240679217
el,1865,41,402467,15.355296210620994,18.151345522104027,0.679763442322072,46.05671824089233,0.0,9.82615268329554
el,1870,31,584039,10.153431534537932,10.840320345014257,2.021835826930853,22.115193429542902,0.1806032147372223,7.114920274433557
el,1875,47,710534,18.23980273991111,23.080738306598956,1.968697706467172,60.21570460976474,0.0,8.310999600843932
el,1880,55,724474,10.586991389615088,10.356636978988453,0.3636628118408612,29.42244145410672,0.0,4.533391962322202
el,1885,51,936311,9.686952305377167,22.33617139457243,1.027326895418122,56.337363563148024,0.0,3.622205566644089
el,1890,50,745568,7.524464569294819,16.36094439299588,1.0322361663455601,44.53885550368604,0.0,4.474765711091213
el,1895,57,547295,48.74884660009685,59.07619234178412,14.740203906154036,76.26421491063857,1.0304232463484375,102.24274406332454
el,1900,69,1011863,118.3065296388938,111.49926126070875,118.08367071524968,83.6103379601159,37.28628592215351,161.71400426859302
el,1905,71,1010812,122.94076445471562,116.59253200491072,141.1178079539128,77.3757256837338,39.76510843645815,172.3935804872028
el,1910,64,614682,157.87024835606053,154.73938027228243,166.89007042236733,85.56850756181959,110.03249167482507,207.95249015969222
el,1915,91,1192611,203.5030701544762,211.48051662301606,208.42572062084255,71.55407862120646,178.53674545231837,259.267513353362
el,1920,51,649192,209.10608879961552,204.61725987063437,213.17212853961183,70.26767994059864,174.31703733459852,246.4924294821224
el,1925,30,430150,255.77124258979424,244.4707631142351,253.0161313006879,66.41581010959946,210.25631125747086,287.14410080737315
el,1930,37,710781,238.86401015221284,229.6715788234124,229.18061492506567,58.48648633970752,199.0376202974628,270.73996158419465
el,1935,20,263986,201.79100406839757,203.73406234436754,194.770277914863,64.1653790003904,148.3953697390442,254.4513028499257
el,1940,9,107172,227.57809875713806,231.29033053455942,233.56871265616516,22.587906477568794,217.59330958649528,238.6533134455572
el,1945,22,327816,229.824047636479,235.435494873856,238.97116447358414,22.59751609007845,216.00163228272925,249.85453095620937
els,1830,31,203135,10.387180938784553,8.108811411017012,0.0,24.98858517116563,0.0,0.0
els,1835,37,197996,6.262752782884503,4.068171869414887,0.0,17.215149434751833,0.0,0.0
els,1840,41,108120,3.9770625231224566,5.5520789814687515,0.0,19.817460890074933,0.0,0.0
els,1845,26,161876,16.926536361165336,14.68862602356353,0.0,38.88764467561262,0.0,1.4238368435110527
els,1850,16,113386,2.822217910500415,3.3709815142742348,0.0,10.040474606041835,0.0,0.0
els,1855,26,225649,10.325771441486557,12.114468547105018,0.0,23.508351250818656,0.0,7.651347512239923
els,1860,15,85159,12.447304454021301,13.880850733871103,0.0,30.87864212728441,0.0,7.392958597720831
els,1865,41,402467,3.0561511875507805,3.6473632007345116,0.0,13.12814402496603,0.0,0.0
els,1870,31,584039,10.30753083270124,10.994676535404716,0.0,31.933776844650435,0.0,4.740805074490138
els,1875,47,710534,2.688119076638134,5.557184967851836,0.0,13.774301372876439,0.0,0.7883490249523942
els,1880,55,724474,7.370864930970607,3.9415258114162,0.0,14.530071349704276,0.0,0.0
els,1885,51,936311,2.2748851610202165,5.2411887270467865,0.0,13.26838141165223,0.0,0.0
els,1890,50,745568,1.5960985450019314,4.22310390868816,0.0,15.863643574841616,0.0,0.13333807424263971
els,1895,57,547295,18.81983208324578,23.97678401535284,1.529987760097919,38.378036261078385,0.0,30.29697696098016
els,1900,69,1011863,70.96810536604264,66.81319255285996,66.70296760141574,50.936185308503795,24.48479902060804,106.63353780055388
els,1905,71,1010812,77.93734146409025,69.82317227634829,77.54442649434571,48.099308919253836,25.292780477977,101.97871115669156
els,1910,64,614682,92.86102407423675,89.25327430596407,89.02688560673067,53.32018596478534,56.29837968656314,115.68334468658085
els,1915,91,1192611,108.37565643784939,112.37921559173418,111.92724728926198,44.2665225331131,81.91576249665296,143.6451681295173
els,1920,51,649192,117.70015650223664,111.64924330935213,109.41475826972012,52.93122244437775,74.15543904389102,147.5017580083956
els,1925,30,430150,137.53341857491574,129.48716846392435,125.94576871436634,60.19647302523021,99.52823577309933,164.4069337314923
els,1930,37,710781,125.63644779474971,122.35134743872744,117.24748966331956,49.237871143429444,91.39428611295216,148.63258026159335
els,1935,20,263986,121.78676141916617,121.10952613707607,112.9451828924685,41.88412598065022,87.8043115774115,153.42568580666958
els,1940,9,107172,135.1099167693054,139.07621968957812,123.89654638376956,43.859649668404806,111.64755582377792,144.6120354532732
els,1945,22,327816,108.7195255875247,97.17033752513785,91.37546354493223,19.501597109585305,82.21057748930482,106.83843571893198
a_acute,1830,31,203135,546.8776921751545,481.64153337144046,394.9642063687978,408.47731939429315,282.7638781653245,514.5337182540949
a_acute,1835,37,197996,409.95777692478634,400.1854959407896,383.4554071520896,241.1877948952321,282.87061288632793,451.8716577540107
a_acute,1840,41,108120,377.6359600443951,325.5108127697,313.64792314213054,192.87080899008183,258.9514066496164,379.94139968298185
a_acute,1845,26,161876,622.5753045541031,420.5445221889265,358.82287005018,302.4267766529942,265.65474000735753,467.81236547870986
a_acute,1850,16,113386,300.8307903974036,301.3565915723151,304.23544667489807,101.98608298554569,264.48569113068913,343.32789721704967
a_acute,1855,26,225649,373.3674866717779,397.1446436418013,378.10337496455344,167.12228102114966,307.0837759613001,441.6774872692611
a_acute,1860,15,85159,370.4834486078982,404.34234523342883,418.5611125969511,101.83699360784041,327.0451182772697,456.4230343300111
a_acute,1865,41,402467,372.45289675923743,360.3091366010824,359.4856992915245,86.85669582352621,305.7041617452929,411.0448697834954
a_acute,1870,31,584039,405.2640320252586,379.77886519822596,372.3713739506276,89.24436879869029,322.9171867978229,398.138116878396
a_acute,1875,47,710534,402.04972598074124,398.07946975254566,383.67277951491593,87.64710062718743,345.37511553725034,426.30357965023177
a_acute,1880,55,724474,383.9061167136433,371.2528903693835,369.2030616839262,100.47119172704119,316.0854767086729,426.1139472048204
a_acute,1885,51,936311,373.1238872554098,359.0827184913917,352.1140707000693,99.04024967539793,304.2445363390626,413.18067706363485
a_acute,1890,50,745568,415.17339799991413,386.5033928874668,375.1500332728149,128.9672169442916,320.16031563068077,449.01719901719906
a_acute,1895,57,547295,358.4538503001124,330.46759671364384,335.06808298281885,172.24970902376154,251.19617224880383,435.804153403062
a_acute,1900,69,1011863,201.65773429802255,194.2654773787959,195.11395310706672,166.49217067753568,1.468356908619255,343.5916450376962
a_acute,1905,71,1010812,102.40282070256387,136.5314388923617,108.91890209746688,144.6588574687829,3.127105335805978,282.6516046873991
a_acute,1910,64,614682,60.47029195584058,78.13002017872745,5.671758290275285,134.58854154858804,0.21846144883632868,151.07808450674307
a_acute,1915,91,1192611,11.655099609176839,20.49000525646223,0.0,61.78502390350573,0.0,4.364892303910397
a_acute,1920,51,649192,6.238524196231623,12.62092533230144,0.0,47.15024015593292,0.0,2.0074527205935353
a_acute,1925,30,430150,9.531558758572592,15.49038451639625,0.0,42.207794227128076,0.0,0.5642548330184596
a_acute,1930,37,710781,2.082216603989133,5.281457796954082,0.0,20.724888284105308,0.0,0.124599723388614
a_acute,1935,20,263986,0.8333775275961604,5.700434818223437,0.0,16.673807280307702,0.0,0.17039839143918484
a_acute,1940,9,107172,13.716269174784458,11.88925715858764,8.539709649871904,12.246944090062557,6.1948273191884775,10.189970157944536
a_acute,1945,22,327816,2.5624130609854308,3.7829736715747657,2.046018055411227,4.396220060210819,0.0,6.004211110526494
a_grave,1830,31,203135,10.7810077042361,30.296784538629502,0.0,65.70867925150999,0.0,11.774242085492435
a_grave,1835,37,197996,64.95080708701185,27.838362184765526,3.42407122068139,56.329172997117865,0.0,17.452006980802793
a_grave,1840,41,108120,2.219755826859046,1.600427639433557,0.0,5.820809591806771,0.0,0.0
a_grave,1845,26,161876,23.16588005633942,16.464321268999903,0.0,50.94856883712405,0.0,2.6610451811456266
a_grave,1850,16,113386,7.849293563579279,8.954123347493347,0.0,21.550260220187784,0.0,2.6809947596052135
a_grave,1855,26,225649,3.8112289440679996,11.952863412750975,0.7967813514867608,38.3803575876095,0.0,3.435248585721947
a_grave,1860,15,85159,15.148134665742905,17.384120908980567,0.0,64.39801408829219,0.0,1.3035486103151253
a_grave,1865,41,402467,0.6460156981814658,1.5027503025193738,0.0,5.471808643541888,0.0,0.6268413464552122
a_grave,1870,31,584039,0.804740779297273,0.8781573059678729,0.0,1.7559047177941296,0.0,0.7767994807586271
a_grave,1875,47,710534,0.49258726535253766,0.6092604637680029,0.0,1.7414538059529105,0.0,0.2710432568339623
a_grave,1880,55,724474,15.832176171953721,7.11042585845933,0.0,29.708125413179868,0.0,0.3907826235820804
a_grave,1885,51,936311,2.563250885656582,13.888080202667549,0.0,72.81796702991153,0.0,0.37986117859772117
a_grave,1890,50,745568,3.0044207905918707,12.216596893563265,0.0,46.65178260446358,0.0,1.0430195969802778
a_grave,1895,57,547295,21.304780785499595,34.792133295000816,0.4907975460122699,65.45193158707761,0.0,10.141987829614605
a_grave,1900,69,1011863,40.697209009520066,40.7744746029596,2.462649811196848,59.73040919942275,0.0,71.0135571336346
a_grave,1905,71,1010812,106.57768210112266,78.90115246545142,47.45824587021996,83.867921386386,0.1210272795488103,141.62084843684954
a_grave,1910,64,614682,130.9132201691281,111.61359060164295,100.68301530129429,94.80557824484454,52.23832816154953,152.92993765607912
a_grave,1915,91,1192611,165.33471517535892,155.0681323018399,154.86725663716814,83.80228021742066,101.97095291592007,198.16913101897933
a_grave,1920,51,649192,180.6861452390048,183.03205282847287,163.78244746600743,86.27623974326622,134.8216529637741,242.84851836422544
a_grave,1925,30,430150,200.3719632686272,181.6222093471609,171.31083359774198,95.83028844628308,140.12968566381727,224.25660680211942
a_grave,1930,37,710781,182.17988381794112,204.38194317754835,179.91169977924943,89.12938954963477,152.1100328419389,228.8572294634738
a_grave,1935,20,263986,188.57060601698575,165.95403444500545,175.3108991174813,59.8909418618487,137.94985119898942,199.68539911838602
a_grave,1940,9,107172,172.5264061508603,171.52887371394152,178.10128542666874,34.84122586959224,143.94350896252035,196.03665033027917
a_grave,1945,22,327816,195.68904507406594,191.15614479644498,198.53873530302155,26.631336326711534,173.67257263791146,203.26960737410957
cedilla,1830,31,203135,1.033795259310311,3.9935954059446126,0.0,11.887331354340976,0.0,0.0
cedilla,1835,37,197996,0.757591062445706,0.997411810167449,0.0,4.932940810907505,0.0,0.0
cedilla,1840,41,108120,0.0924898261191269,0.07694083249980765,0.0,0.49266170942777954,0.0,0.0
cedilla,1845,26,161876,1.9150460846573922,0.4815848179609388,0.0,2.455610384232856,0.0,0.0
cedilla,1850,16,113386,3.0868008396098285,3.5316015801716283,0.0,13.906138791450353,0.0,0.0
cedilla,1855,26,225649,8.287207122566464,5.986665416033377,0.0,20.068575015154227,0.0,0.0
cedilla,1860,15,85159,4.697096020385397,1.8602316102701446,0.0,5.140140211162448,0.0,0.0
cedilla,1865,41,402467,8.770905440694516,10.426628598380832,0.0,24.748687522351947,0.0,5.631687629059508
cedilla,1870,31,584039,10.564362996306754,14.245716094987568,2.1688355021688355,32.018529203500776,0.0,6.681426935371632
cedilla,1875,47,710534,5.094759715931961,10.868260488763331,1.381788033715628,26.71773988445829,0.0,5.057866597587519
cedilla,1880,55,724474,8.695964244403525,9.23720187162973,0.4338488904314627,21.331928315648216,0.0,6.108189351690701
cedilla,1885,51,936311,7.76451414113473,10.522494148179037,0.0,26.96956324461513,0.0,2.1858147980715685
cedilla,1890,50,745568,18.88493068372033,22.112998853430387,2.300048918843186,38.23796213625052,0.0,28.54578454677791
cedilla,1895,57,547295,24.082076393900913,29.929706701734574,3.239740820734341,45.02680824383663,0.0,53.110773899848255
cedilla,1900,69,1011863,36.299380449724914,40.12518709953604,33.65621408635692,43.80421282660402,0.0,72.99270072992701
cedilla,1905,71,1010812,40.7790964096192,36.83713716362513,20.393029291805707,44.70393371759844,0.1105754345614578,65.70166050400432
cedilla,1910,64,614682,42.41217409977842,37.49253311865309,34.283197218915085,33.310267100231215,5.871099658014891,59.57314112925954
cedilla,1915,91,1192611,67.02101523464063,67.94915331966531,62.75621235892505,34.00759366151166,40.54604009407197,92.71422085720454
cedilla,1920,51,649192,60.52138658517048,60.74309797417684,56.9764497341099,33.45698831339397,38.66015448788387,77.41135000819361
cedilla,1925,30,430150,65.39579216552366,61.35274302907124,61.2760230899714,30.606466144132366,42.39669252696659,70.19189227527204
cedilla,1930,37,710781,63.732710919397114,58.062097297234835,56.11340815121087,40.98740788475281,40.99069066844457,70.94994087504928
cedilla,1935,20,263986,53.37404256286318,50.059421325413155,45.94282412313751,22.856038737423894,35.80808658971846,60.961118786765766
cedilla,1940,9,107172,63.729332288284255,64.39040166145065,61.794161517153206,14.325025499790904,53.12084993359893,66.59439368127613
cedilla,1945,22,327816,64.57891012031139,63.621706138557464,64.27973164979288,19.26345944105098,51.66242829576211,70.93883590038855
ny,1830,31,203135,60.50163684249391,65.07121349181458,57.605760576057605,57.790780380490816,15.280954208468227,94.94297705648984
ny,1835,37,197996,72.22368128649063,60.73518891718311,59.37291527685124,47.81118080441056,20.050125313283207,88.01955990220048
ny,1840,41,108120,65.02034776174621,71.20702111985332,54.7945205479452,71.96617181551056,14.771048744460858,90.09009009009009
ny,1845,26,161876,34.532605203983294,40.08328850906369,25.604391095233233,45.93340080288379,2.627129528511988,66.67667464893687
ny,1850,16,113386,45.68465242622546,35.636102373922014,25.746307052851424,29.738726661961202,10.498232944646295,60.75836313851026
ny,1855,26,225649,71.43838439346064,61.88088568131325,68.24641313382882,49.146228994037486,5.8841483224299544,98.38675441256743
ny,1860,15,85159,104.27553165255581,89.51351733140646,107.14285714285714,70.39411289182475,13.623978201634879,132.09133386600743
ny,1865,41,402467,93.27472811435473,90.45357005147028,91.42053445850914,31.115438354986882,74.67266775777414,102.1430002002804
ny,1870,31,584039,101.77402536474449,92.5475128458444,92.10456263642656,41.66713161659343,67.39764354917534,106.82324175975748
ny,1875,47,710534,94.8160116194299,90.21435236907548,90.28478125150072,40.09725516661353,74.08437309115405,113.94927580328391
ny,1880,55,724474,85.96581795896056,93.72415688512064,99.12959381044486,34.47469377543054,75.88327911824447,116.64950488905444
ny,1885,51,936311,95.78014142736761,97.93678913129212,95.88361712679782,46.16359853737299,71.85029918002512,118.64062585872963
ny,1890,50,745568,102.96847504184728,96.21606046373658,95.18600987017722,41.74151888519659,66.89206593322162,117.04785295400258
ny,1895,57,547295,99.08732950237075,108.7638796478989,101.38512066257316,60.93513576259519,72.75512157763737,133.12693498452012
ny,1900,69,1011863,89.695937098204,93.55549995717604,95.89879616404816,38.001425925630805,71.69293682221705,117.37089201877932
ny,1905,71,1010812,94.96325726247808,92.63934979714641,94.75882006531398,36.685967256952175,65.55338734373345,114.72814513200433
ny,1910,64,614682,84.77554247562155,93.20974174675509,87.56812085279861,47.98026575416402,60.74171178544654,115.13212784409596
ny,1915,91,1192611,97.97830139081394,103.3801975283667,94.8148148148148,74.36043181095006,65.37600964819018,117.75061960412532
ny,1920,51,649192,95.70358229922735,97.106015905557,82.80430582390284,46.62591544172347,68.81517485379524,119.22275183557497
ny,1925,30,430150,100.68580727653145,95.67846141997626,95.47141923554187,51.21585711580331,57.80413412113095,118.12435267165995
ny,1930,37,710781,107.55774282092516,108.77176406880585,97.93497117913704,52.95366191392391,79.97630331753554,128.3230412122805
ny,1935,20,263986,75.1555006704901,76.54484680378057,64.73237438419946,56.40205564140922,46.030495535118156,92.2132546116865
ny,1940,9,107172,139.3087746799537,139.27933876756018,142.65958221122352,38.29066476583565,100.33938320790912,161.54284087674353
ny,1945,22,327816,97.43270615223175,95.82667197298389,95.29195887063659,25.876725709809534,84.30290348510934,99.76365238442136
ss,1830,31,203135,109.6315258325744,99.37069708237317,116.52906776745787,66.2178887709518,35.632165508090466,153.38581015439578
ss,1835,37,197996,126.77023778258146,110.79096380987724,119.11401481953628,63.431814684243626,73.92911502500543,149.37106918238993
ss,1840,41,108120,110.52534221235665,88.81638475087193,95.10543253758586,79.92142998628718,5.899705014749262,135.69937369519835
ss,1845,26,161876,84.3238034050755,59.53505138536101,64.49031346137856,56.97404890635919,0.0,101.81718887815438
ss,1850,16,113386,101.51165046831179,86.08954565025721,80.47114312795662,62.51532637544951,45.335958591879496,120.24130685639075
ss,1855,26,225649,123.24450806340822,106.30450920423148,118.41313055570305,72.39029967814841,52.4989960205907,152.194072186029
ss,1860,15,85159,106.97636186427741,99.56327000775318,120.38523274478332,64.3465765387161,45.523097395602306,144.8599964489671
ss,1865,41,402467,121.20248368189193,117.96611071958017,111.95668081369824,48.73156141217807,90.50609530845956,140.4887744500158
ss,1870,31,584039,136.5833446054116,122.15014275018048,124.64835441300916,47.596451569783525,102.9831657914768,149.40099170306974
ss,1875,47,710534,146.7628572313218,135.53758815968055,138.79318830593562,77.01145477723433,105.61562794463237,160.7757191777833
ss,1880,55,724474,142.32394813340437,147.39446629118595,139.2515230635335,74.7010806718285,111.38899560552142,161.72113341010765
ss,1885,51,936311,150.11037999126358,141.71324611337138,148.89615909734923,82.62020226972868,111.5679192259181,169.02647136874873
ss,1890,50,745568,158.59049744624235,147.39250418782268,147.53443655659913,57.17820244742521,120.85345254519083,173.57199056388137
ss,1895,57,547295,145.97246457577722,145.50673175103213,144.16034092422427,55.81785643720372,115.03697617091208,167.22222222222223
ss,1900,69,1011863,161.9389186085468,154.56390864655705,152.30125523012552,59.04531025845535,120.7697412076974,175.12158122518184
ss,1905,71,1010812,145.74421356295733,154.11697343507868,151.59867695700112,53.12794261402359,123.69723358864057,170.83224432976908
ss,1910,64,614682,151.60684711769662,157.2547612135156,145.82346540934208,63.112492253468176,127.68951488309816,171.32556020430633
ss,1915,91,1192611,146.19184293956704,145.93158117299134,145.38666063246026,39.6468413533705,118.41380687104271,173.16259265983462
ss,1920,51,649192,149.20085275234445,153.67830622137294,151.7540402049665,41.44517248030776,123.64465360771882,181.5153225901965
ss,1925,30,430150,147.48343601069394,156.41419733937425,148.0102902003098,54.813603580026914,133.59936539284655,176.7018344403761
ss,1930,37,710781,170.5025879982723,165.84793178394068,159.4940959203089,41.55973276559786,141.19273301737755,181.23646387084077
ss,1935,20,263986,177.32000939443756,160.13988602515977,150.80746931742644,47.163937456131194,118.11893797185718,189.14922009558285
ss,1940,9,107172,146.86671891912067,149.62780864528457,146.82012689980817,36.708471494021886,128.80868314371648,147.9015022456249
ss,1945,22,327816,160.48637040290893,159.17384824245607,165.01289049639217,24.310171945409746,151.33007460564653,173.71932889896283
qu_diaeresis,1830,31,203135,1.575307061806188,1.1066528737120644,0.0,2.6576820024831744,0.0,0.0
qu_diaeresis,1835,37,197996,0.10101214165942746,0.05845018999890304,0.0,0.25802946499338925,0.0,0.0
qu_diaeresis,1840,41,108120,1.9422863485016648,1.3503753674835053,0.0,4.632291890502681,0.0,0.0
qu_diaeresis,1845,26,161876,0.5559811213521462,0.2837223304803931,0.0,0.895207447152688,0.0,0.0
qu_diaeresis,1850,16,113386,1.2347203358439314,0.6894392308098959,0.0,1.549469096544642,0.0,0.0
qu_diaeresis,1855,26,225649,2.260147397063581,1.2615283279465634,0.0,2.989557289672436,0.0,0.0
qu_diaeresis,1860,15,85159,0.7045644030578094,0.5586121963201446,0.0,1.8414769327472618,0.0,0.0
qu_diaeresis,1865,41,402467,1.5404989725865723,1.1850765007675585,0.0,2.7129123187904196,0.0,0.0
qu_diaeresis,1870,31,584039,1.1814279525853582,1.0255374340495436,0.0,2.09005065552877,0.0,0.7658649341131489
qu_diaeresis,1875,47,710534,0.9992484525722907,1.1840349670557555,0.0,2.3171374585240065,0.0,1.2234501039032788
qu_diaeresis,1880,55,724474,2.153286384328492,2.422843928093191,0.0,3.8618301796587438,0.0,4.017134770246595
qu_diaeresis,1885,51,936311,3.556510603848508,2.4919324283281177,0.7205476161883031,4.073063056574481,0.0,3.1580474552601805
qu_diaeresis,1890,50,745568,3.3531482037855698,3.4594351815213567,2.064938197758604,4.93560121718138,0.0,4.894424048745223
qu_diaeresis,1895,57,547295,2.3387752491800584,1.8735443875966862,0.0,3.2324139343059346,0.0,2.5290844714213456
qu_diaeresis,1900,69,1011863,3.745566346432274,3.4532414644480594,1.2384156535738613,5.595372622211879,0.0,3.8211692777990063
qu_diaeresis,1905,71,1010812,4.540903748669386,4.804923519599648,3.2425421530479897,5.563894683740629,0.7111530387511731,6.72153165407304
qu_diaeresis,1910,64,614682,6.426086984814912,4.491929335378405,3.877302124668443,5.0648645560429495,0.0,6.024376152176206
qu_diaeresis,1915,91,1192611,4.561420278699425,4.645469428771393,2.6518164942985947,5.933714395020498,0.0,6.977243452125376
qu_diaeresis,1920,51,649192,4.574917743903191,4.975534962978402,2.7601435274634283,5.690740039079284,0.0,8.116931252839736
qu_diaeresis,1925,30,430150,5.277228873648728,5.944702452260899,3.561585931464722,7.034472314342057,1.027960680846893,7.832191227623044
qu_diaeresis,1930,37,710781,4.699056390083584,4.951193251966231,3.4570462009531573,5.098369081768418,1.6217092815827885,5.924170616113744
qu_diaeresis,1935,20,263986,8.523179259506186,5.458951345623998,3.8696797197617983,7.684496753082336,1.2257906349595489,4.9754151422575745
qu_diaeresis,1940,9,107172,4.665397678498115,5.207683679068055,4.367130067690516,3.575728115448838,3.558212354113293,6.035003017501509
qu_diaeresis,1945,22,327816,3.935134343656198,3.871425061231314,3.4507934389868997,3.081360364190037,2.053126491544843,5.334575386062268
plural_as,1830,31,203135,426.76052871243263,419.02245063402864,380.00887180245456,208.4266877157832,320.3807222827546,494.1209351905415
plural_as,1835,37,197996,421.8267035697691,410.2441096582997,406.01503759398497,127.47192644558844,320.05689900426745,502.6737967914439
plural_as,1840,41,108120,475.5826859045505,414.70121746035903,402.1937842778794,266.66811236481976,249.7541789577188,500.50050050050055
plural_as,1845,26,161876,330.80876720452693,361.67455703448803,343.1172916314786,232.33538353328993,263.1925390094509,467.0792757994971
plural_as,1850,16,113386,528.5484980509058,451.5967909584464,410.8975963147631,187.55497768984873,372.45525658836823,523.1730238461291
plural_as,1855,26,225649,492.7564491754894,475.20302840064284,513.6327636646481,298.41023819605226,340.0770794328496,666.2571312543533
plural_as,1860,15,85159,308.59920853932056,325.49995772874104,345.39682539682536,173.27504441841484,237.25147380536106,392.7820074345293
plural_as,1865,41,402467,360.0295179480554,347.41953500897534,364.1948222904783,176.5578781464318,246.13220815752464,485.8773598712132
plural_as,1870,31,584039,377.08098260561366,345.2783978312275,363.2478632478633,205.12615625282302,221.22023570327394,473.05881555440385
plural_as,1875,47,710534,372.8744859500038,372.76521587259265,395.96618715705176,203.82645452856744,243.52816467230173,525.9817492869311
plural_as,1880,55,724474,382.3049550432452,365.87517210495906,400.3632785892681,229.68168288965737,198.46140925152343,492.21552957389804
plural_as,1885,51,936311,413.31352510010026,378.64362732024193,456.0831219040716,257.58276296072603,81.63401306144209,542.4678851323912
plural_as,1890,50,745568,341.2163612172196,368.52332496304587,406.137102408444,245.82175837323527,96.9565543005163,541.9250115962477
plural_as,1895,57,547295,255.76699951580045,264.98535704747707,281.4070351758794,226.1423978207637,19.20368710792472,422.6752859273993
plural_as,1900,69,1011863,207.70598391284196,177.14547975755147,33.193570929419984,261.1954303224758,17.204301075268816,315.8593231585932
plural_as,1905,71,1010812,49.188177425673615,60.26264713850975,21.78491031878585,124.26620529803753,10.21938289534061,37.67552781042215
plural_as,1910,64,614682,27.396279702350157,34.4234275864193,20.066737651241414,57.91144315260907,12.170843911388538,35.869114036377724
plural_as,1915,91,1192611,23.44435863831543,22.868320128743562,20.673971469919373,14.757676363687482,13.129498668563174,27.578047038450745
plural_as,1920,51,649192,29.80628227088442,26.50826944259179,23.92124390468304,19.430651638315673,12.680455064857792,35.5764082697618
plural_as,1925,30,430150,18.179704754155527,17.23206100267632,16.331764196462338,9.837714298678426,9.718365429419391,23.78769913474331
plural_as,1930,37,710781,31.106627779864684,34.860897678775785,30.338907799319223,35.06992976654032,12.531328320802004,47.05681040383299
plural_as,1935,20,263986,23.751259536490572,30.0315577260385,19.308530976381316,33.850116112435714,10.111486554064376,34.28924192817722
plural_as,1940,9,107172,37.22987347441496,33.113134147552316,32.52284342573951,21.376855220381696,20.658108307510695,36.54175089410667
plural_as,1945,22,327816,28.857651853478778,26.662133437293036,24.241980694825486,13.612311532546407,17.58848406071124,30.788569139865753
plural_es,1830,31,203135,255.05205897555814,250.4164357260194,235.82358235823585,88.80075628742843,195.46454124035972,264.47182159857886
plural_es,1835,37,197996,241.87357320349906,238.3126998039504,220.0369973712394,65.85073077139951,184.249397496696,288.7700534759358
plural_es,1840,41,108120,305.40140584535703,320.76286788023776,318.4143222506394,119.94856643303623,240.9638554216868,377.5397473461742
plural_es,1845,26,161876,441.69611307420496,395.31210825341964,342.65847653258254,172.43671492038808,253.18669126780264,537.2609956073783
plural_es,1850,16,113386,295.1863545764027,294.1307950368538,270.35509255609384,155.31928020546266,178.0978024885101,324.729892256215
plural_es,1855,26,225649,321.8715793112312,340.13282870191654,268.6879812245234,198.44837414628276,212.51196032541068,401.75115730511715
plural_es,1860,15,85159,306.60294273065676,278.79733942983535,259.66183574879227,130.74017231213583,197.99918334013884,331.4848633545899
plural_es,1865,41,402467,282.9797225611044,338.8396658343381,260.77097505668934,244.88138692326976,226.52388797364088,338.20750024868204
plural_es,1870,31,584039,334.840652764627,349.38054549293275,268.6997553303041,216.62853348768184,239.82743792433303,372.27970615760256
plural_es,1875,47,710534,269.29042100729873,305.2253015229391,241.93548387096772,224.06459858021782,188.1653376676671,293.8822075610766
plural_es,1880,55,724474,283.3642063069206,344.3687936823395,260.57030481809244,249.17062906565212,174.68420332129517,358.0470775815896
plural_es,1885,51,936311,324.32599851972265,369.6755277843543,267.8128616300215,255.5301969984878,193.92465158382498,460.16642900131757
plural_es,1890,50,745568,340.43843083394137,350.43405354627197,255.06227499914343,236.70520687914632,180.28738548416,499.31684945951844
plural_es,1895,57,547295,427.19191660804506,452.6360675756986,404.0404040404041,269.99287904734217,201.70535047270667,668.4397163120567
plural_es,1900,69,1011863,531.55417284751,553.2730073620158,590.6057788001893,272.31073807617025,280.56522629531025,716.1390762843798
plural_es,1905,71,1010812,728.3451324281864,703.0694203133247,726.0581503586486,226.31724258363653,562.3642748831,842.1083742248632
plural_es,1910,64,614682,670.9485555132572,706.1241366737291,703.5229443779322,228.92459576578253,561.5303665681297,843.8792983523917
plural_es,1915,91,1192611,689.3614095459458,733.7975455233761,709.9391480730224,207.94026518878186,568.6307407132699,866.486509058587
plural_es,1920,51,649192,700.3629126668227,692.707906518413,664.6216768916155,186.64792446226485,555.0026249424678,774.3479202010277
plural_es,1925,30,430150,705.591072881553,683.6610708018219,657.014985789241,162.43528837168498,588.3999134522135,732.7017305534482
plural_es,1930,37,710781,657.3473404607046,643.2310266491851,647.419072615923,154.48940130499582,578.3144430451639,724.3664717348928
plural_es,1935,20,263986,728.0310319486639,819.7038586645328,788.4338238241411,160.03736247567778,712.9477758148416,918.7731173333743
plural_es,1940,9,107172,680.7748292464449,680.7174220052132,680.2985538796455,61.51669952457976,639.2499467291711,727.8652906029331
plural_es,1945,22,327816,661.0720648168484,635.9505365357669,632.8258718228319,63.236151516042185,603.946429906523,676.5433715510812
h,1830,31,203135,420.9515839220223,403.9853231177271,378.9378937893789,107.65315350831412,334.5323741007194,459.73096985954265
h,1835,37,197996,405.6647609042607,394.3122955202145,393.0817610062893,126.16786167523051,315.4205607476635,470.5882352941176
h,1840,41,108120,384.4802071772105,355.65229191809755,379.544546544147,120.87263460485795,288.66674154779287,440.9857328145266
h,1845,26,161876,438.2366749857916,404.8141111500548,385.3710630729389,152.8490213090931,295.0162500326249,490.5627609573363
h,1850,16,113386,372.9737357345704,390.32143719043296,362.20416860206905,141.04578052210107,298.4836387125158,466.22538148033277
h,1855,26,225649,384.1807408851801,399.9729240404128,395.20063903264565,154.58870250285028,312.59047233324543,481.0749446180419
h,1860,15,85159,452.3303467631137,444.88063773751423,431.7632850241546,125.57895234874286,364.95139640773994,538.4391013007489
h,1865,41,402467,466.84572896659853,453.7498598002972,451.594286538739,107.75096643969134,395.9753326841935,525.391482511342
h,1870,31,584039,512.9451971529298,505.29254874280724,500.0,140.39516333729898,427.09119177102673,549.6722046442505
h,1875,47,710534,501.4538361288833,516.6943337773027,498.0805197361945,127.9620916786785,442.89412674507207,587.9681617749214
h,1880,55,724474,490.7008395056275,491.47290955204767,478.1295153027716,124.23019634120453,421.79338016440016,530.599530655704
h,1885,51,936311,474.9703891121647,502.34295543712864,483.1052778553477,152.30237448989453,420.7305896539392,569.7239481900523
h,1890,50,745568,499.60566977123483,494.00646883764813,477.26978906077943,146.28375052376325,408.0136915039103,598.1027333767472
h,1895,57,547295,480.65485706977046,478.63609381884623,456.3447606243932,130.91912621544594,402.48226950354615,566.2695000614175
h,1900,69,1011863,437.6284141232558,450.52183485948507,429.5339696799551,130.36303961872272,368.1159420289855,512.5036048284102
h,1905,71,1010812,433.9085804284081,437.62823791427064,443.9293991798895,128.49799942237715,338.1763507981824,532.4415792074706
h,1910,64,614682,386.42745354508514,366.7898068581758,341.9804276135641,134.2015210538698,261.0993612446831,480.8178681092851
h,1915,91,1192611,308.5834358395152,284.8019823279317,266.72975130851347,114.27714080999257,202.5792649215163,333.88813779904433
h,1920,51,649192,317.10187432993627,291.74140948859116,274.55765710799267,111.3909405850241,213.20655648141621,328.9767581207637
h,1925,30,430150,313.33255840985703,315.95132143556026,295.17353696856225,109.47252093114076,231.9578373619787,383.2667575206466
h,1930,37,710781,293.5503340691437,306.7895069720635,291.3398431246999,131.18803658680517,229.88104789479192,344.3328550932568
h,1935,20,263986,238.2323305023751,228.77312213641432,193.58891903223224,119.98646817186675,159.52630915067928,254.8935157552028
h,1940,9,107172,290.56096741686264,283.3509253549704,297.7763955838905,68.79968787814474,270.03420918553024,310.8026554013277
h,1945,22,327816,271.4022500427069,276.4826211181134,274.25049192997227,37.82986159434354,251.73315561093284,308.01317089889216
final_ch,1830,31,203135,61.48620375612278,68.96538759041134,72.99270072992701,44.952225513635604,36.94568535992698,110.67369228595078
final_ch,1835,37,197996,93.18370068082183,83.18087874075727,66.27017841971113,64.56363012613595,35.650623885918,120.30075187969923
final_ch,1840,41,108120,56.14132445431003,61.69113410049067,50.86182537439954,53.63072491648602,35.37318712415989,60.76388888888889
final_ch,1845,26,161876,57.57493390002224,81.13117855337025,67.53676917466876,89.88408505498704,31.79540172608861,89.62469303114622
final_ch,1850,16,113386,99.74776427424902,95.40552475388697,80.06014605373278,79.69913891716966,47.14706748719462,108.94042739825471
final_ch,1855,26,225649,64.6136255866412,71.57843420913169,59.21571111186002,43.18201676125779,42.80812330610305,100.81590484028906
final_ch,1860,15,85159,77.3846569358494,74.44506126524044,72.46376811594203,42.99855738175049,37.331330941633034,105.00438738281069
final_ch,1865,41,402467,96.47995984763968,92.72466377051822,89.94708994708995,34.723779280965786,73.6842105263158,112.23253936213162
final_ch,1870,31,584039,100.55835312367839,106.16729354998229,88.5216878135143,61.74613094390625,74.16805152260903,120.66794570070732
final_ch,1875,47,710534,97.98264403955335,111.52781356145795,98.44170750011035,68.23423462606182,79.80484881613376,137.54729655025884
final_ch,1880,55,724474,96.1663220488244,102.41195502746702,87.98944126704795,76.36195380458597,67.92701026253424,102.56877730440829
final_ch,1885,51,936311,82.66484106242477,91.21116121010435,84.49470620057188,49.47705119572832,63.12229507401871,100.23376208126746
final_ch,1890,50,745568,102.92823726340185,112.4005142698759,91.95750066109451,76.63859374833599,63.62303513616869,121.76924771439519
final_ch,1895,57,547295,81.21762486410438,89.06680789006667,90.89792408794987,41.940002074206895,69.0335305719921,116.27906976744184
final_ch,1900,69,1011863,62.5084621139423,71.92651302960867,79.62588473205257,57.818823932017054,6.70690811535882,97.06725620919548
final_ch,1905,71,1010812,63.46382907998718,69.06344846766339,67.30351715154147,53.653345204237546,4.681209168380248,106.08221029450927
final_ch,1910,64,614682,34.147738180067094,37.818949121264666,4.220320072769653,47.363691300200784,0.0,72.31395969124345
final_ch,1915,91,1192611,15.28578891189164,17.30561390626459,0.0,46.50585911335308,0.0,3.875299979812283
final_ch,1920,51,649192,4.5903215073506765,7.187053872440018,0.375044536538714,24.496351269423172,0.0,3.5581121226851353
final_ch,1925,30,430150,10.043008252935023,21.38949872641385,0.0,58.89786897212849,0.0,2.514310997841201
final_ch,1930,37,710781,2.251044977285549,16.186698209202277,0.0,69.14523448970546,0.0,1.0464994593086123
final_ch,1935,20,263986,0.26516557696241466,0.40795063590731306,0.0,1.1578622362429967,0.0,0.0
final_ch,1940,9,107172,2.9858545142387936,2.8970870204951544,1.4557100225635051,3.9037486752449473,0.0,3.887420307883688
final_ch,1945,22,327816,1.5862557044195524,2.3641155154278715,2.355222378985017,2.3730074972361415,1.1673797269179664,3.081649890468326
final_c,1830,31,203135,23.186550815959826,32.57856378078841,15.203344735841885,44.73293510760628,0.0,43.69095289239244
final_c,1835,37,197996,33.78856138507849,28.46568853779012,6.21938894503615,35.04031231822469,2.136067499732992,43.036667240488896
final_c,1840,41,108120,26.54458009618942,16.91849260715754,3.0012004801920766,30.24434123653274,0.0,24.183796856106408
final_c,1845,26,161876,42.13101386246263,27.05734068716485,6.968846564029643,39.53386977832307,0.0,48.511871925526734
final_c,1850,16,113386,24.95898964598804,18.83023715899801,2.806068763910244,27.388393978796856,0.0,31.649991509923833
final_c,1855,26,225649,34.78854326852767,47.981835671798166,4.935562441593815,90.58976339877525,1.0837798482911174,16.781136769902638
final_c,1860,15,85159,36.6373489590061,34.69374390156713,3.389830508474577,63.00687348721838,0.0,26.1844513276718
final_c,1865,41,402467,12.820926933139859,12.917548491111486,0.8175277959450622,37.7726211563104,0.0,6.268413464552122
final_c,1870,31,584039,9.108980735875514,4.1782187111498095,0.6655574043261231,13.620775508433976,0.0,2.854298288661939
final_c,1875,47,710534,9.471749416635939,23.07441610641169,1.4838446414660384,77.74835494102369,0.0,5.021485509728245
final_c,1880,55,724474,11.014888042911132,14.22482050551149,2.426595486532395,38.21412044939439,0.1040604383025661,7.57433635274119
final_c,1885,51,936311,5.810035340821585,11.041188846647456,2.2668454955890964,25.22309807769451,0.42806210689699076,8.343596604028928
final_c,1890,50,745568,4.922421563157217,8.727045672617441,1.9824871659706718,17.954460534695347,0.0,8.904551622825617
final_c,1895,57,547295,15.001050621693969,13.150040151943784,1.859773107680863,25.424374749627162,0.0,14.792899408284024
final_c,1900,69,1011863,35.81512517010702,32.289805149759026,4.476943739740337,48.39858381961132,0.4010266281681103,69.9876492383697
final_c,1905,71,1010812,41.60021843824569,33.83384997051172,9.02971597438844,46.82354902008726,1.152847854347,65.46352073149676
final_c,1910,64,614682,57.15150272823996,55.81453078963381,55.994883264777926,53.11335793621051,3.0414268374588387,97.0561716515217
final_c,1915,91,1192611,79.55653603731645,84.14292679143391,82.71931044070624,43.2992802072946,64.78855519322455,99.78725645880857
final_c,1920,51,649192,104.65316886221642,111.28649673345204,100.06253908692932,55.62265633758302,79.7151833215874,128.16375452157104
final_c,1925,30,430150,81.32046960362665,81.07619119086445,76.55737033339105,50.79547947072585,52.58334459217225,94.62589975444553
final_c,1930,37,710781,92.54608662865215,89.45963104224562,82.6734572853804,41.43784020090367,68.93382352941177,115.45335974107532
final_c,1935,20,263986,79.3223883084709,94.55985014666383,80.92139434951717,46.68429089484949,65.749575225277,114.86891016873224
final_c,1940,9,107172,94.14772515209197,90.64159808623744,83.96827865028766,26.13603722166287,75.43753771876885,114.60430540498685
final_c,1945,22,327816,96.70058813480733,96.69774966554141,97.14624257568215,21.373194332758807,82.74803574031873,101.62315391950555
